﻿<?xml version="1.0" encoding="utf-8"?>
<abapGit version="v1.0.0" serializer="LCL_OBJECT_CLAS" serializer_version="v1.0.0">
 <asx:abap xmlns:asx="http://www.sap.com/abapxml" version="1.0">
  <asx:values>
   <VSEOCLASS>
    <CLSNAME>ZCL_LZH_SALV_TABLE</CLSNAME>
    <LANGU>1</LANGU>
    <DESCRIPT>SALV</DESCRIPT>
    <STATE>1</STATE>
    <CLSCCINCL>X</CLSCCINCL>
    <FIXPT>X</FIXPT>
    <UNICODE>X</UNICODE>
   </VSEOCLASS>
   <LONGTEXTS_CO>
    <item>
     <DOKIL>
      <ID>CO</ID>
      <OBJECT>ZCL_LZH_SALV_TABLE            SET_SELECTION_MODE</OBJECT>
      <LANGU>1</LANGU>
      <TYP>E</TYP>
      <VERSION>0002</VERSION>
      <MASTERLANG>X</MASTERLANG>
      <TXTLINES>00005</TXTLINES>
      <DOKSTATE>A</DOKSTATE>
     </DOKIL>
     <HEAD>
      <TDOBJECT>DOKU</TDOBJECT>
      <TDNAME>ZCL_LZH_SALV_TABLE            SET_SELECTION_MODE</TDNAME>
      <TDID>CO</TDID>
      <TDSPRAS>1</TDSPRAS>
      <TDFORM>S_DOCU_SHOW</TDFORM>
      <TDSTYLE>S_DOCUS1</TDSTYLE>
      <TDVERSION>00002</TDVERSION>
      <TDLINESIZE>072</TDLINESIZE>
     </HEAD>
     <LINES>
      <TLINE>
       <TDFORMAT>U1</TDFORMAT>
       <TDLINE>&amp;FUNCTIONALITY&amp;</TDLINE>
      </TLINE>
      <TLINE>
       <TDFORMAT>AS</TDFORMAT>
       <TDLINE>1 SINGLE     Individual selection</TDLINE>
      </TLINE>
      <TLINE>
       <TDFORMAT>AS</TDFORMAT>
       <TDLINE>2 MULTIPLE,,  Mult. Selection,,</TDLINE>
      </TLINE>
      <TLINE>
       <TDFORMAT>AS</TDFORMAT>
       <TDLINE>3 CELL,,  Cell Selection</TDLINE>
      </TLINE>
      <TLINE>
       <TDFORMAT>AS</TDFORMAT>
       <TDLINE>4 ROW_COLUMN Line and Column Selection</TDLINE>
      </TLINE>
      <TLINE>
       <TDFORMAT>AS</TDFORMAT>
       <TDLINE>0 NONE       No Selection</TDLINE>
      </TLINE>
      <TLINE>
       <TDFORMAT>U1</TDFORMAT>
       <TDLINE>&amp;PRECONDITION&amp;</TDLINE>
      </TLINE>
      <TLINE>
       <TDFORMAT>AS</TDFORMAT>
      </TLINE>
      <TLINE>
       <TDFORMAT>U1</TDFORMAT>
       <TDLINE>&amp;RESULT&amp;</TDLINE>
      </TLINE>
      <TLINE>
       <TDFORMAT>AS</TDFORMAT>
      </TLINE>
      <TLINE>
       <TDFORMAT>U1</TDFORMAT>
       <TDLINE>&amp;PARAMETERS&amp;</TDLINE>
      </TLINE>
      <TLINE>
       <TDFORMAT>AS</TDFORMAT>
      </TLINE>
      <TLINE>
       <TDFORMAT>U1</TDFORMAT>
       <TDLINE>&amp;EXCEPTIONS&amp;</TDLINE>
      </TLINE>
      <TLINE>
       <TDFORMAT>AS</TDFORMAT>
      </TLINE>
      <TLINE>
       <TDFORMAT>U1</TDFORMAT>
       <TDLINE>&amp;HINTS&amp;</TDLINE>
      </TLINE>
      <TLINE>
       <TDFORMAT>AS</TDFORMAT>
      </TLINE>
     </LINES>
    </item>
   </LONGTEXTS_CO>
   <DESCRIPTIONS>
    <SEOCOMPOTX>
     <CMPNAME>CONSTRUCTOR</CMPNAME>
     <LANGU>1</LANGU>
     <DESCRIPT>CONSTRUCTOR</DESCRIPT>
    </SEOCOMPOTX>
    <SEOCOMPOTX>
     <CMPNAME>DISPLAY</CMPNAME>
     <LANGU>1</LANGU>
     <DESCRIPT>显示</DESCRIPT>
    </SEOCOMPOTX>
    <SEOCOMPOTX>
     <CMPNAME>FACTORY</CMPNAME>
     <LANGU>1</LANGU>
     <DESCRIPT>factory</DESCRIPT>
    </SEOCOMPOTX>
    <SEOCOMPOTX>
     <CMPNAME>MR_EVENTS</CMPNAME>
     <LANGU>1</LANGU>
     <DESCRIPT>Events in Simple, Two-Dimensional Tables</DESCRIPT>
    </SEOCOMPOTX>
    <SEOCOMPOTX>
     <CMPNAME>MR_TABLE</CMPNAME>
     <LANGU>1</LANGU>
     <DESCRIPT>Basis Class for Simple Tables</DESCRIPT>
    </SEOCOMPOTX>
    <SEOCOMPOTX>
     <CMPNAME>MS_LAYOUT</CMPNAME>
     <LANGU>1</LANGU>
     <DESCRIPT>SALV Layout</DESCRIPT>
    </SEOCOMPOTX>
    <SEOCOMPOTX>
     <CMPNAME>MS_VARIANT</CMPNAME>
     <LANGU>1</LANGU>
     <DESCRIPT>格式 (外部使用)</DESCRIPT>
    </SEOCOMPOTX>
    <SEOCOMPOTX>
     <CMPNAME>MT_COLUMNS</CMPNAME>
     <LANGU>1</LANGU>
     <DESCRIPT>SALV: 字段目录</DESCRIPT>
    </SEOCOMPOTX>
    <SEOCOMPOTX>
     <CMPNAME>SET_AGGREGATION</CMPNAME>
     <LANGU>1</LANGU>
     <DESCRIPT>设置列</DESCRIPT>
    </SEOCOMPOTX>
    <SEOCOMPOTX>
     <CMPNAME>SET_COLUMNS</CMPNAME>
     <LANGU>1</LANGU>
     <DESCRIPT>设置列</DESCRIPT>
    </SEOCOMPOTX>
    <SEOCOMPOTX>
     <CMPNAME>SET_GUI_STATUS</CMPNAME>
     <LANGU>1</LANGU>
     <DESCRIPT>设置GUI Status</DESCRIPT>
    </SEOCOMPOTX>
    <SEOCOMPOTX>
     <CMPNAME>SET_LAYOUT</CMPNAME>
     <LANGU>1</LANGU>
     <DESCRIPT>设置布局</DESCRIPT>
    </SEOCOMPOTX>
    <SEOCOMPOTX>
     <CMPNAME>SET_SCREEN_DIALOG</CMPNAME>
     <LANGU>1</LANGU>
     <DESCRIPT>设置弹窗</DESCRIPT>
    </SEOCOMPOTX>
    <SEOCOMPOTX>
     <CMPNAME>SET_SELECTION_MODE</CMPNAME>
     <LANGU>1</LANGU>
     <DESCRIPT>设置选择模式</DESCRIPT>
    </SEOCOMPOTX>
    <SEOCOMPOTX>
     <CMPNAME>SET_TITLE</CMPNAME>
     <LANGU>1</LANGU>
     <DESCRIPT>设置标题</DESCRIPT>
    </SEOCOMPOTX>
    <SEOCOMPOTX>
     <CMPNAME>SET_VARIANT</CMPNAME>
     <LANGU>1</LANGU>
     <DESCRIPT>设置变式</DESCRIPT>
    </SEOCOMPOTX>
   </DESCRIPTIONS>
   <DESCRIPTIONS_SUB>
    <SEOSUBCOTX>
     <CMPNAME>FACTORY</CMPNAME>
     <SCONAME>RO_SALV</SCONAME>
     <LANGU>1</LANGU>
     <DESCRIPT>SALV</DESCRIPT>
    </SEOSUBCOTX>
    <SEOSUBCOTX>
     <CMPNAME>GET_EVENTS</CMPNAME>
     <SCONAME>VALUE</SCONAME>
     <LANGU>1</LANGU>
     <DESCRIPT>Events in Simple, Two-Dimensional Tables</DESCRIPT>
    </SEOSUBCOTX>
    <SEOSUBCOTX>
     <CMPNAME>GET_TABLE</CMPNAME>
     <SCONAME>R_TABLE</SCONAME>
     <LANGU>1</LANGU>
     <DESCRIPT>Basis Class for Simple Tables</DESCRIPT>
    </SEOSUBCOTX>
    <SEOSUBCOTX>
     <CMPNAME>REFRESH</CMPNAME>
     <SCONAME>STABLE</SCONAME>
     <LANGU>1</LANGU>
     <DESCRIPT>ALV 控制：刷新稳定性</DESCRIPT>
    </SEOSUBCOTX>
    <SEOSUBCOTX>
     <CMPNAME>SET_AGGREGATION</CMPNAME>
     <SCONAME>IT_COLUMNS</SCONAME>
     <LANGU>1</LANGU>
     <DESCRIPT>清单观察器控制的字段目录</DESCRIPT>
    </SEOSUBCOTX>
    <SEOSUBCOTX>
     <CMPNAME>SET_COLUMNS</CMPNAME>
     <SCONAME>IT_COLUMNS</SCONAME>
     <LANGU>1</LANGU>
     <DESCRIPT>清单观察器控制的字段目录</DESCRIPT>
    </SEOSUBCOTX>
    <SEOSUBCOTX>
     <CMPNAME>SET_COLUMNS</CMPNAME>
     <SCONAME>IV_COLUMNS_CHGIND</SCONAME>
     <LANGU>1</LANGU>
     <DESCRIPT>字段目录更改类型</DESCRIPT>
    </SEOSUBCOTX>
    <SEOSUBCOTX>
     <CMPNAME>SET_GUI_STATUS</CMPNAME>
     <SCONAME>IT_TOOLBAR_EXCLUDING</SCONAME>
     <LANGU>1</LANGU>
     <DESCRIPT>Function Code Table</DESCRIPT>
    </SEOSUBCOTX>
    <SEOSUBCOTX>
     <CMPNAME>SET_GUI_STATUS</CMPNAME>
     <SCONAME>IV_PFREPID</SCONAME>
     <LANGU>1</LANGU>
     <DESCRIPT>ABAP 程序：当前主程序</DESCRIPT>
    </SEOSUBCOTX>
    <SEOSUBCOTX>
     <CMPNAME>SET_GUI_STATUS</CMPNAME>
     <SCONAME>IV_PFSTATUS</SCONAME>
     <LANGU>1</LANGU>
     <DESCRIPT>GUI 状态</DESCRIPT>
    </SEOSUBCOTX>
    <SEOSUBCOTX>
     <CMPNAME>SET_LAYOUT</CMPNAME>
     <SCONAME>IS_LAYOUT</SCONAME>
     <LANGU>1</LANGU>
     <DESCRIPT>ABAP 程序名称</DESCRIPT>
    </SEOSUBCOTX>
    <SEOSUBCOTX>
     <CMPNAME>SET_SALV</CMPNAME>
     <SCONAME>IR_CONTAINER</SCONAME>
     <LANGU>1</LANGU>
     <DESCRIPT>Abstract Container for GUI Controls</DESCRIPT>
    </SEOSUBCOTX>
    <SEOSUBCOTX>
     <CMPNAME>SET_SALV</CMPNAME>
     <SCONAME>IR_TABLE</SCONAME>
     <LANGU>1</LANGU>
     <DESCRIPT>Basis Class for Simple Tables</DESCRIPT>
    </SEOSUBCOTX>
    <SEOSUBCOTX>
     <CMPNAME>SET_SALV</CMPNAME>
     <SCONAME>IS_LAYOUT</SCONAME>
     <LANGU>1</LANGU>
     <DESCRIPT>ALV 控制: 布局结构</DESCRIPT>
    </SEOSUBCOTX>
    <SEOSUBCOTX>
     <CMPNAME>SET_SALV</CMPNAME>
     <SCONAME>IS_POPUP</SCONAME>
     <LANGU>1</LANGU>
     <DESCRIPT>SALV: 以弹窗显示</DESCRIPT>
    </SEOSUBCOTX>
    <SEOSUBCOTX>
     <CMPNAME>SET_SALV</CMPNAME>
     <SCONAME>IS_VARIANT</SCONAME>
     <LANGU>1</LANGU>
     <DESCRIPT>格式 (外部使用)</DESCRIPT>
    </SEOSUBCOTX>
    <SEOSUBCOTX>
     <CMPNAME>SET_SALV</CMPNAME>
     <SCONAME>IT_COLUMNS</SCONAME>
     <LANGU>1</LANGU>
     <DESCRIPT>清单观察器控制的字段目录</DESCRIPT>
    </SEOSUBCOTX>
    <SEOSUBCOTX>
     <CMPNAME>SET_SALV</CMPNAME>
     <SCONAME>IT_TOOLBAR_EXCLUDING</SCONAME>
     <LANGU>1</LANGU>
     <DESCRIPT>Function Code Table</DESCRIPT>
    </SEOSUBCOTX>
    <SEOSUBCOTX>
     <CMPNAME>SET_SALV</CMPNAME>
     <SCONAME>IV_COLUMNS_CHGIND</SCONAME>
     <LANGU>1</LANGU>
     <DESCRIPT>字段目录更改类型</DESCRIPT>
    </SEOSUBCOTX>
    <SEOSUBCOTX>
     <CMPNAME>SET_SALV</CMPNAME>
     <SCONAME>IV_PFREPID</SCONAME>
     <LANGU>1</LANGU>
     <DESCRIPT>ABAP 程序：当前主程序</DESCRIPT>
    </SEOSUBCOTX>
    <SEOSUBCOTX>
     <CMPNAME>SET_SALV</CMPNAME>
     <SCONAME>IV_PFSTATUS</SCONAME>
     <LANGU>1</LANGU>
     <DESCRIPT>GUI 状态</DESCRIPT>
    </SEOSUBCOTX>
    <SEOSUBCOTX>
     <CMPNAME>SET_SALV</CMPNAME>
     <SCONAME>IV_TITLE</SCONAME>
     <LANGU>1</LANGU>
     <DESCRIPT>ALV 控制: 标题栏文本</DESCRIPT>
    </SEOSUBCOTX>
    <SEOSUBCOTX>
     <CMPNAME>SET_SELECTION_MODE</CMPNAME>
     <SCONAME>IV_SEL_MODE</SCONAME>
     <LANGU>1</LANGU>
     <DESCRIPT>选择模式</DESCRIPT>
    </SEOSUBCOTX>
    <SEOSUBCOTX>
     <CMPNAME>SET_TABLE</CMPNAME>
     <SCONAME>IR_TABLE</SCONAME>
     <LANGU>1</LANGU>
     <DESCRIPT>Basis Class for Simple Tables</DESCRIPT>
    </SEOSUBCOTX>
    <SEOSUBCOTX>
     <CMPNAME>SET_TITLE</CMPNAME>
     <SCONAME>IV_TITLE</SCONAME>
     <LANGU>1</LANGU>
     <DESCRIPT>ALV 控制: 标题栏文本</DESCRIPT>
    </SEOSUBCOTX>
    <SEOSUBCOTX>
     <CMPNAME>SET_VARIANT</CMPNAME>
     <SCONAME>IS_VARIANT</SCONAME>
     <LANGU>1</LANGU>
     <DESCRIPT>格式 (外部使用)</DESCRIPT>
    </SEOSUBCOTX>
   </DESCRIPTIONS_SUB>
  </asx:values>
 </asx:abap>
</abapGit>
