﻿<?xml version="1.0" encoding="utf-8"?>
<abapGit version="v1.0.0" serializer="LCL_OBJECT_ENSC" serializer_version="v1.0.0">
 <asx:abap xmlns:asx="http://www.sap.com/abapxml" version="1.0">
  <asx:values>
   <SHORTTEXT>RIF增强</SHORTTEXT>
   <ENH_SPOTS>
    <ENHSPOTNAME>ZES_LZH_RIF</ENHSPOTNAME>
   </ENH_SPOTS>
   <SOTR>
    <item>
     <HEADER>
      <CONCEPT>FA163E23BAD51EEE90C90770B8B87200</CONCEPT>
      <CREA_LAN>1</CREA_LAN>
      <TRALA_TYPE>1</TRALA_TYPE>
      <OBJID_VEC>AABA</OBJID_VEC>
     </HEADER>
     <ENTRIES>
      <SOTR_TEXT>
       <CONCEPT>FA163E23BAD51EEE90C90770B8B87200</CONCEPT>
       <LANGU>1</LANGU>
       <LFD_NUM>0001</LFD_NUM>
       <FLAG_CNTXT>X</FLAG_CNTXT>
       <STATUS>R</STATUS>
       <LENGTH>015</LENGTH>
       <TEXT>RIF增强</TEXT>
      </SOTR_TEXT>
     </ENTRIES>
    </item>
   </SOTR>
   <SOTR_USE>
    <SOTR_USE>
     <PGMID>R3TR</PGMID>
     <OBJECT>ENSC</OBJECT>
     <OBJ_NAME>ZES_LZH_RIF</OBJ_NAME>
     <CONCEPT>FA163E23BAD51EEE90C90770B8B87200</CONCEPT>
     <LFD_NUM>0001</LFD_NUM>
    </SOTR_USE>
   </SOTR_USE>
  </asx:values>
 </asx:abap>
</abapGit>
