﻿<?xml version="1.0" encoding="utf-8"?>
<abapGit version="v1.0.0" serializer="LCL_OBJECT_ENHS" serializer_version="v1.0.0">
 <asx:abap xmlns:asx="http://www.sap.com/abapxml" version="1.0">
  <asx:values>
   <TOOL>BADI_DEF</TOOL>
   <SHORTTEXT>RIF增强</SHORTTEXT>
   <BADI_DATA>
    <ENH_BADI_DATA>
     <BADI_NAME>ZBADI_LZH_RIF_PROCESS</BADI_NAME>
     <INTERFACE_NAME>ZIF_LZH_RIF_PROCESS</INTERFACE_NAME>
     <CONTEXT_MODE>N</CONTEXT_MODE>
     <BADI_SHORTTEXT>BADI:RIF接口处理</BADI_SHORTTEXT>
     <BADI_SHORTTEXT_ID>FA163E23BAD51EEE90C92382052B92A3</BADI_SHORTTEXT_ID>
     <FILTERS>
      <ENH_BADI_FILTER>
       <FILTER_NAME>IFCODE</FILTER_NAME>
       <FILTER_TYPE>C</FILTER_TYPE>
       <FILTERTEXT>接口代码</FILTERTEXT>
       <FILTERTEXT_ID>FA163E23BAD51EEE92ADD93BA1D45D81</FILTERTEXT_ID>
       <CHECK_TYPE>ZLZH_RIF_IFCODE</CHECK_TYPE>
       <CHECK_TYPE_IS_DOM>X</CHECK_TYPE_IS_DOM>
      </ENH_BADI_FILTER>
      <ENH_BADI_FILTER>
       <FILTER_NAME>STEPID</FILTER_NAME>
       <FILTER_TYPE>C</FILTER_TYPE>
       <FILTERTEXT>步骤</FILTERTEXT>
       <FILTERTEXT_ID>FA163E23BAD51EEE92ADD93BA1D47D81</FILTERTEXT_ID>
       <CHECK_TYPE>ZLZH_RIF_STEPID</CHECK_TYPE>
       <CHECK_TYPE_IS_DOM>X</CHECK_TYPE_IS_DOM>
      </ENH_BADI_FILTER>
     </FILTERS>
    </ENH_BADI_DATA>
   </BADI_DATA>
   <SOTR>
    <item>
     <HEADER>
      <CONCEPT>FA163E23BAD51EEE90C9140AA0747250</CONCEPT>
      <CREA_LAN>1</CREA_LAN>
      <TRALA_TYPE>1</TRALA_TYPE>
      <OBJID_VEC>AAE=</OBJID_VEC>
     </HEADER>
     <ENTRIES>
      <SOTR_TEXT>
       <CONCEPT>FA163E23BAD51EEE90C9140AA0747250</CONCEPT>
       <LANGU>1</LANGU>
       <LFD_NUM>0001</LFD_NUM>
       <FLAG_CNTXT>X</FLAG_CNTXT>
       <STATUS>R</STATUS>
       <LENGTH>015</LENGTH>
       <TEXT>RIF增强</TEXT>
      </SOTR_TEXT>
     </ENTRIES>
    </item>
    <item>
     <HEADER>
      <CONCEPT>FA163E23BAD51EEE90C92382052B92A3</CONCEPT>
      <CREA_LAN>1</CREA_LAN>
      <TRALA_TYPE>1</TRALA_TYPE>
      <OBJID_VEC>AAE=</OBJID_VEC>
     </HEADER>
     <ENTRIES>
      <SOTR_TEXT>
       <CONCEPT>FA163E23BAD51EEE90C92382052B92A3</CONCEPT>
       <LANGU>1</LANGU>
       <LFD_NUM>0001</LFD_NUM>
       <FLAG_CNTXT>X</FLAG_CNTXT>
       <STATUS>R</STATUS>
       <LENGTH>022</LENGTH>
       <TEXT>BADI:RIF接口处理</TEXT>
      </SOTR_TEXT>
     </ENTRIES>
    </item>
    <item>
     <HEADER>
      <CONCEPT>FA163E23BAD51EEE92ADD93BA1D45D81</CONCEPT>
      <CREA_LAN>1</CREA_LAN>
      <TRALA_TYPE>1</TRALA_TYPE>
      <OBJID_VEC>AAE=</OBJID_VEC>
     </HEADER>
     <ENTRIES>
      <SOTR_TEXT>
       <CONCEPT>FA163E23BAD51EEE92ADD93BA1D45D81</CONCEPT>
       <LANGU>1</LANGU>
       <LFD_NUM>0001</LFD_NUM>
       <FLAG_CNTXT>X</FLAG_CNTXT>
       <STATUS>R</STATUS>
       <LENGTH>014</LENGTH>
       <TEXT>接口代码</TEXT>
      </SOTR_TEXT>
     </ENTRIES>
    </item>
    <item>
     <HEADER>
      <CONCEPT>FA163E23BAD51EEE92ADD93BA1D47D81</CONCEPT>
      <CREA_LAN>1</CREA_LAN>
      <TRALA_TYPE>1</TRALA_TYPE>
      <OBJID_VEC>AAE=</OBJID_VEC>
     </HEADER>
     <ENTRIES>
      <SOTR_TEXT>
       <CONCEPT>FA163E23BAD51EEE92ADD93BA1D47D81</CONCEPT>
       <LANGU>1</LANGU>
       <LFD_NUM>0001</LFD_NUM>
       <FLAG_CNTXT>X</FLAG_CNTXT>
       <STATUS>R</STATUS>
       <LENGTH>012</LENGTH>
       <TEXT>步骤</TEXT>
      </SOTR_TEXT>
     </ENTRIES>
    </item>
   </SOTR>
   <SOTR_USE>
    <SOTR_USE>
     <PGMID>R3TR</PGMID>
     <OBJECT>ENHS</OBJECT>
     <OBJ_NAME>ZES_LZH_RIF</OBJ_NAME>
     <CONCEPT>FA163E23BAD51EEE90C9140AA0747250</CONCEPT>
     <LFD_NUM>0001</LFD_NUM>
    </SOTR_USE>
    <SOTR_USE>
     <PGMID>R3TR</PGMID>
     <OBJECT>ENHS</OBJECT>
     <OBJ_NAME>ZES_LZH_RIF</OBJ_NAME>
     <CONCEPT>FA163E23BAD51EEE90C92382052B92A3</CONCEPT>
     <LFD_NUM>0001</LFD_NUM>
    </SOTR_USE>
    <SOTR_USE>
     <PGMID>R3TR</PGMID>
     <OBJECT>ENHS</OBJECT>
     <OBJ_NAME>ZES_LZH_RIF</OBJ_NAME>
     <CONCEPT>FA163E23BAD51EEE92ADD93BA1D45D81</CONCEPT>
     <LFD_NUM>0001</LFD_NUM>
    </SOTR_USE>
    <SOTR_USE>
     <PGMID>R3TR</PGMID>
     <OBJECT>ENHS</OBJECT>
     <OBJ_NAME>ZES_LZH_RIF</OBJ_NAME>
     <CONCEPT>FA163E23BAD51EEE92ADD93BA1D47D81</CONCEPT>
     <LFD_NUM>0001</LFD_NUM>
    </SOTR_USE>
   </SOTR_USE>
  </asx:values>
 </asx:abap>
</abapGit>
