﻿<?xml version="1.0" encoding="utf-8"?>
<abapGit version="v1.0.0" serializer="LCL_OBJECT_FUGR" serializer_version="v1.0.0">
 <asx:abap xmlns:asx="http://www.sap.com/abapxml" version="1.0">
  <asx:values>
   <AREAT>RIF函数组</AREAT>
   <INCLUDES>
    <SOBJ_NAME>LZFG_LZH_RIFTOP</SOBJ_NAME>
    <SOBJ_NAME>SAPLZFG_LZH_RIF</SOBJ_NAME>
   </INCLUDES>
   <FUNCTIONS>
    <item>
     <FUNCNAME>ZFM_LZH_RIF_DATA_SAVE</FUNCNAME>
     <UPDATE_TASK>1</UPDATE_TASK>
     <SHORT_TEXT>保存数据到ZLZH_RIF_DATA</SHORT_TEXT>
     <IMPORT>
      <RSIMP>
       <PARAMETER>IS_DATA</PARAMETER>
       <TYP>ZLZH_RIF_DATA</TYP>
      </RSIMP>
     </IMPORT>
     <DOCUMENTATION>
      <RSFDO>
       <PARAMETER>IS_DATA</PARAMETER>
       <KIND>P</KIND>
      </RSFDO>
     </DOCUMENTATION>
    </item>
    <item>
     <FUNCNAME>ZFM_LZH_RIF_PROCESS</FUNCNAME>
     <REMOTE_CALL>R</REMOTE_CALL>
     <SHORT_TEXT>RIF接口处理函数</SHORT_TEXT>
     <IMPORT>
      <RSIMP>
       <PARAMETER>IFCODE</PARAMETER>
       <TYP>ZLZH_RIF_IFCODE</TYP>
      </RSIMP>
      <RSIMP>
       <PARAMETER>BUSINESSID</PARAMETER>
       <TYP>ZLZH_RIF_BUSID</TYP>
      </RSIMP>
      <RSIMP>
       <PARAMETER>MSGGUID</PARAMETER>
       <OPTIONAL>X</OPTIONAL>
       <TYP>ZLZH_RIF_MSGGUID</TYP>
      </RSIMP>
     </IMPORT>
     <EXPORT>
      <RSEXP>
       <PARAMETER>EV_RESPONSE_DATA</PARAMETER>
       <TYP>ZLZH_RIF_RESPONSE_DATA</TYP>
      </RSEXP>
     </EXPORT>
     <TABLES>
      <RSTBL>
       <PARAMETER>STEPS</PARAMETER>
       <TYP>ZLZH_RIF_TT_STEP</TYP>
      </RSTBL>
      <RSTBL>
       <PARAMETER>RETURN_TAB</PARAMETER>
       <TYP>BAPIRET2_TAB</TYP>
      </RSTBL>
     </TABLES>
     <DOCUMENTATION>
      <RSFDO>
       <PARAMETER>IFCODE</PARAMETER>
       <KIND>P</KIND>
      </RSFDO>
      <RSFDO>
       <PARAMETER>BUSINESSID</PARAMETER>
       <KIND>P</KIND>
      </RSFDO>
      <RSFDO>
       <PARAMETER>MSGGUID</PARAMETER>
       <KIND>P</KIND>
      </RSFDO>
      <RSFDO>
       <PARAMETER>EV_RESPONSE_DATA</PARAMETER>
       <KIND>P</KIND>
      </RSFDO>
      <RSFDO>
       <PARAMETER>STEPS</PARAMETER>
       <KIND>P</KIND>
      </RSFDO>
      <RSFDO>
       <PARAMETER>RETURN_TAB</PARAMETER>
       <KIND>P</KIND>
      </RSFDO>
     </DOCUMENTATION>
    </item>
    <item>
     <FUNCNAME>ZFM_LZH_RIF_STEPLOG_SAVE</FUNCNAME>
     <UPDATE_TASK>1</UPDATE_TASK>
     <SHORT_TEXT>保存数据到ZLZH_RIF_STEPLOG</SHORT_TEXT>
     <IMPORT>
      <RSIMP>
       <PARAMETER>IS_DATA</PARAMETER>
       <TYP>ZLZH_RIF_STEPLOG</TYP>
      </RSIMP>
     </IMPORT>
     <DOCUMENTATION>
      <RSFDO>
       <PARAMETER>IS_DATA</PARAMETER>
       <KIND>P</KIND>
      </RSFDO>
     </DOCUMENTATION>
    </item>
    <item>
     <FUNCNAME>ZFM_LZH_RIF_XSTRING_TO_STRING</FUNCNAME>
     <SHORT_TEXT>Umwandlung von XSTRING nach STRING</SHORT_TEXT>
     <IMPORT>
      <RSIMP>
       <PARAMETER>IM_XSTRING</PARAMETER>
       <REFERENCE>X</REFERENCE>
       <TYP>XSTRING</TYP>
      </RSIMP>
      <RSIMP>
       <PARAMETER>IM_ENCODING</PARAMETER>
       <DEFAULT>&apos;UTF-8&apos;</DEFAULT>
       <OPTIONAL>X</OPTIONAL>
       <REFERENCE>X</REFERENCE>
       <TYP>ABAP_ENCOD</TYP>
      </RSIMP>
     </IMPORT>
     <EXPORT>
      <RSEXP>
       <PARAMETER>EX_STRING</PARAMETER>
       <REFERENCE>X</REFERENCE>
       <TYP>STRING</TYP>
      </RSEXP>
     </EXPORT>
     <DOCUMENTATION>
      <RSFDO>
       <PARAMETER>IM_XSTRING</PARAMETER>
       <KIND>P</KIND>
      </RSFDO>
      <RSFDO>
       <PARAMETER>IM_ENCODING</PARAMETER>
       <KIND>P</KIND>
      </RSFDO>
      <RSFDO>
       <PARAMETER>EX_STRING</PARAMETER>
       <KIND>P</KIND>
      </RSFDO>
     </DOCUMENTATION>
    </item>
   </FUNCTIONS>
  </asx:values>
 </asx:abap>
</abapGit>
