﻿<?xml version="1.0" encoding="utf-8"?>
<abapGit version="v1.0.0" serializer="LCL_OBJECT_INTF" serializer_version="v1.0.0">
 <asx:abap xmlns:asx="http://www.sap.com/abapxml" version="1.0">
  <asx:values>
   <VSEOINTERF>
    <CLSNAME>ZIF_LZH_RIF_PROCESS</CLSNAME>
    <LANGU>1</LANGU>
    <DESCRIPT>BAdI 接口： ZBADI_LZH_RIF_PROCESS</DESCRIPT>
    <EXPOSURE>2</EXPOSURE>
    <STATE>1</STATE>
    <UNICODE>X</UNICODE>
   </VSEOINTERF>
   <DESCRIPTIONS>
    <SEOCOMPOTX>
     <CMPNAME>EXECUTE</CMPNAME>
     <LANGU>1</LANGU>
     <DESCRIPT>执行</DESCRIPT>
    </SEOCOMPOTX>
   </DESCRIPTIONS>
   <DESCRIPTIONS_SUB>
    <SEOSUBCOTX>
     <CMPNAME>EXECUTE</CMPNAME>
     <SCONAME>IR_RIF_HANDLER</SCONAME>
     <LANGU>1</LANGU>
     <DESCRIPT>RIF接口</DESCRIPT>
    </SEOSUBCOTX>
    <SEOSUBCOTX>
     <CMPNAME>EXECUTE</CMPNAME>
     <SCONAME>REQUEST_DATA</SCONAME>
     <LANGU>1</LANGU>
     <DESCRIPT>请求数据</DESCRIPT>
    </SEOSUBCOTX>
    <SEOSUBCOTX>
     <CMPNAME>EXECUTE</CMPNAME>
     <SCONAME>RESPONSE_DATA</SCONAME>
     <LANGU>1</LANGU>
     <DESCRIPT>返回结果</DESCRIPT>
    </SEOSUBCOTX>
    <SEOSUBCOTX>
     <CMPNAME>EXECUTE</CMPNAME>
     <SCONAME>RETURN_TAB</SCONAME>
     <LANGU>1</LANGU>
     <DESCRIPT>错误消息</DESCRIPT>
    </SEOSUBCOTX>
    <SEOSUBCOTX>
     <CMPNAME>EXECUTE</CMPNAME>
     <SCONAME>SUCCESS</SCONAME>
     <LANGU>1</LANGU>
     <DESCRIPT>执行成功标识</DESCRIPT>
    </SEOSUBCOTX>
    <SEOSUBCOTX>
     <CMPNAME>EXECUTE</CMPNAME>
     <SCONAME>ZCX_LZH_RIF</SCONAME>
     <LANGU>1</LANGU>
     <DESCRIPT>异常处理类</DESCRIPT>
    </SEOSUBCOTX>
   </DESCRIPTIONS_SUB>
  </asx:values>
 </asx:abap>
</abapGit>
