﻿<?xml version="1.0" encoding="utf-8"?>
<abapGit version="v1.0.0" serializer="LCL_OBJECT_DTEL" serializer_version="v1.0.0">
 <asx:abap xmlns:asx="http://www.sap.com/abapxml" version="1.0">
  <asx:values>
   <DD04V>
    <ROLLNAME>ZLZH_RIF_IFCODE</ROLLNAME>
    <DDLANGUAGE>1</DDLANGUAGE>
    <DOMNAME>ZLZH_RIF_IFCODE</DOMNAME>
    <MEMORYID>ZLZH_RIF_IFCODE</MEMORYID>
    <LOGFLAG>X</LOGFLAG>
    <HEADLEN>55</HEADLEN>
    <SCRLEN1>10</SCRLEN1>
    <SCRLEN2>20</SCRLEN2>
    <SCRLEN3>40</SCRLEN3>
    <DDTEXT>接口代码</DDTEXT>
    <REPTEXT>接口代码</REPTEXT>
    <SCRTEXT_S>接口代码</SCRTEXT_S>
    <SCRTEXT_M>接口代码</SCRTEXT_M>
    <SCRTEXT_L>接口代码</SCRTEXT_L>
    <DTELMASTER>1</DTELMASTER>
    <SHLPNAME>ZLZH_RIF_SH_IFCODE</SHLPNAME>
    <SHLPFIELD>IFCODE</SHLPFIELD>
    <DEFFDNAME>ZLZH_RIF_IFCODE</DEFFDNAME>
    <REFKIND>D</REFKIND>
   </DD04V>
  </asx:values>
 </asx:abap>
</abapGit>
