﻿<?xml version="1.0" encoding="utf-8"?>
<abapGit version="v1.0.0" serializer="LCL_OBJECT_DTEL" serializer_version="v1.0.0">
 <asx:abap xmlns:asx="http://www.sap.com/abapxml" version="1.0">
  <asx:values>
   <DD04V>
    <ROLLNAME>ZLZH_RIF_SYSID</ROLLNAME>
    <DDLANGUAGE>1</DDLANGUAGE>
    <DOMNAME>ZLZH_RIF_SYSID</DOMNAME>
    <MEMORYID>ZLZH_RIF_SYSID</MEMORYID>
    <LOGFLAG>X</LOGFLAG>
    <HEADLEN>55</HEADLEN>
    <SCRLEN1>10</SCRLEN1>
    <SCRLEN2>20</SCRLEN2>
    <SCRLEN3>40</SCRLEN3>
    <DDTEXT>系统标识</DDTEXT>
    <REPTEXT>系统标识</REPTEXT>
    <SCRTEXT_S>系统标识</SCRTEXT_S>
    <SCRTEXT_M>系统标识</SCRTEXT_M>
    <SCRTEXT_L>系统标识</SCRTEXT_L>
    <DTELMASTER>1</DTELMASTER>
    <SHLPNAME>ZLZH_RIF_SH_SYSTEM</SHLPNAME>
    <SHLPFIELD>SYSID</SHLPFIELD>
    <DEFFDNAME>ZLZH_RIF_SYSID</DEFFDNAME>
    <REFKIND>D</REFKIND>
   </DD04V>
  </asx:values>
 </asx:abap>
</abapGit>
