﻿<?xml version="1.0" encoding="utf-8"?>
<abapGit version="v1.0.0" serializer="LCL_OBJECT_VIEW" serializer_version="v1.0.0">
 <asx:abap xmlns:asx="http://www.sap.com/abapxml" version="1.0">
  <asx:values>
   <DD25V>
    <VIEWNAME>ZLZH_RIF_V_CFG</VIEWNAME>
    <AS4LOCAL>A</AS4LOCAL>
    <DDLANGUAGE>1</DDLANGUAGE>
    <AGGTYPE>V</AGGTYPE>
    <ROOTTAB>ZLZH_RIF_CONFIG</ROOTTAB>
    <DDTEXT>RIF接口配置</DDTEXT>
    <VIEWCLASS>C</VIEWCLASS>
    <CUSTOMAUTH>C</CUSTOMAUTH>
    <GLOBALFLAG>X</GLOBALFLAG>
   </DD25V>
   <DD26V_TABLE>
    <DD26V>
     <VIEWNAME>ZLZH_RIF_V_CFG</VIEWNAME>
     <TABNAME>ZLZH_RIF_CONFIG</TABNAME>
     <TABPOS>0001</TABPOS>
     <FORTABNAME>ZLZH_RIF_CONFIG</FORTABNAME>
    </DD26V>
   </DD26V_TABLE>
   <DD27P_TABLE>
    <DD27P>
     <VIEWFIELD>MANDT</VIEWFIELD>
     <TABNAME>ZLZH_RIF_CONFIG</TABNAME>
     <FIELDNAME>MANDT</FIELDNAME>
     <KEYFLAG>X</KEYFLAG>
    </DD27P>
    <DD27P>
     <VIEWFIELD>IFCODE</VIEWFIELD>
     <TABNAME>ZLZH_RIF_CONFIG</TABNAME>
     <FIELDNAME>IFCODE</FIELDNAME>
     <KEYFLAG>X</KEYFLAG>
     <SHLPORIGIN>D</SHLPORIGIN>
     <SHLPNAME>ZLZH_RIF_SH_IFCODE</SHLPNAME>
     <SHLPFIELD>IFCODE</SHLPFIELD>
     <LOGFLAG>X</LOGFLAG>
    </DD27P>
    <DD27P>
     <VIEWFIELD>IFTEXT</VIEWFIELD>
     <TABNAME>ZLZH_RIF_CONFIG</TABNAME>
     <FIELDNAME>IFTEXT</FIELDNAME>
     <LOGFLAG>X</LOGFLAG>
    </DD27P>
    <DD27P>
     <VIEWFIELD>DIRECTION</VIEWFIELD>
     <TABNAME>ZLZH_RIF_CONFIG</TABNAME>
     <FIELDNAME>DIRECTION</FIELDNAME>
     <SHLPORIGIN>F</SHLPORIGIN>
     <LOGFLAG>X</LOGFLAG>
     <VALEXI>X</VALEXI>
    </DD27P>
    <DD27P>
     <VIEWFIELD>IFMODE</VIEWFIELD>
     <TABNAME>ZLZH_RIF_CONFIG</TABNAME>
     <FIELDNAME>IFMODE</FIELDNAME>
     <SHLPORIGIN>F</SHLPORIGIN>
     <LOGFLAG>X</LOGFLAG>
     <VALEXI>X</VALEXI>
    </DD27P>
   </DD27P_TABLE>
  </asx:values>
 </asx:abap>
</abapGit>
