﻿<?xml version="1.0" encoding="utf-8"?>
<abapGit version="v1.0.0" serializer="LCL_OBJECT_DOMA" serializer_version="v1.0.0">
 <asx:abap xmlns:asx="http://www.sap.com/abapxml" version="1.0">
  <asx:values>
   <DD01V>
    <DOMNAME>ZLZH_RIF_SYSID</DOMNAME>
    <DDLANGUAGE>1</DDLANGUAGE>
    <DATATYPE>CHAR</DATATYPE>
    <LENG>000012</LENG>
    <OUTPUTLEN>000012</OUTPUTLEN>
    <ENTITYTAB>ZLZH_RIF_SYSTEM</ENTITYTAB>
    <DDTEXT>系统标识</DDTEXT>
    <DOMMASTER>1</DOMMASTER>
   </DD01V>
  </asx:values>
 </asx:abap>
</abapGit>
