﻿<?xml version="1.0" encoding="utf-8"?>
<abapGit version="v1.0.0" serializer="LCL_OBJECT_DTEL" serializer_version="v1.0.0">
 <asx:abap xmlns:asx="http://www.sap.com/abapxml" version="1.0">
  <asx:values>
   <DD04V>
    <ROLLNAME>ZLZH_RIF_LOGPSIZE</ROLLNAME>
    <DDLANGUAGE>1</DDLANGUAGE>
    <DOMNAME>INT4</DOMNAME>
    <LOGFLAG>X</LOGFLAG>
    <HEADLEN>11</HEADLEN>
    <SCRLEN1>10</SCRLEN1>
    <SCRLEN2>20</SCRLEN2>
    <SCRLEN3>40</SCRLEN3>
    <DDTEXT>日志清理数据包大小</DDTEXT>
    <REPTEXT>日志清理数据包大小</REPTEXT>
    <SCRTEXT_S>日志清理数据包大小</SCRTEXT_S>
    <SCRTEXT_M>日志清理数据包大小</SCRTEXT_M>
    <SCRTEXT_L>日志清理数据包大小</SCRTEXT_L>
    <DTELMASTER>1</DTELMASTER>
    <REFKIND>D</REFKIND>
   </DD04V>
  </asx:values>
 </asx:abap>
</abapGit>
