﻿<?xml version="1.0" encoding="utf-8"?>
<abapGit version="v1.0.0" serializer="LCL_OBJECT_MSAG" serializer_version="v1.0.0">
 <asx:abap xmlns:asx="http://www.sap.com/abapxml" version="1.0">
  <asx:values>
   <T100A>
    <ARBGB>ZLZH_RIF</ARBGB>
    <MASTERLANG>1</MASTERLANG>
    <STEXT>RIF消息类</STEXT>
   </T100A>
   <T100>
    <T100>
     <SPRSL>1</SPRSL>
     <ARBGB>ZLZH_RIF</ARBGB>
     <MSGNR>000</MSGNR>
     <TEXT>&amp;1&amp;2&amp;3&amp;4</TEXT>
    </T100>
    <T100>
     <SPRSL>1</SPRSL>
     <ARBGB>ZLZH_RIF</ARBGB>
     <MSGNR>001</MSGNR>
     <TEXT>参数接口代码IFCODE不能为空</TEXT>
    </T100>
    <T100>
     <SPRSL>1</SPRSL>
     <ARBGB>ZLZH_RIF</ARBGB>
     <MSGNR>002</MSGNR>
     <TEXT>接口&amp;1不存在，请检查配置</TEXT>
    </T100>
    <T100>
     <SPRSL>1</SPRSL>
     <ARBGB>ZLZH_RIF</ARBGB>
     <MSGNR>003</MSGNR>
     <TEXT>参数&amp;1丢失</TEXT>
    </T100>
    <T100>
     <SPRSL>1</SPRSL>
     <ARBGB>ZLZH_RIF</ARBGB>
     <MSGNR>004</MSGNR>
     <TEXT>接口&amp;1执行步骤不存在，请检查配置</TEXT>
    </T100>
    <T100>
     <SPRSL>1</SPRSL>
     <ARBGB>ZLZH_RIF</ARBGB>
     <MSGNR>005</MSGNR>
     <TEXT>方法&amp;1不允许</TEXT>
    </T100>
    <T100>
     <SPRSL>1</SPRSL>
     <ARBGB>ZLZH_RIF</ARBGB>
     <MSGNR>006</MSGNR>
     <TEXT>接口&amp;1步骤&amp;2BADI未实现，请联系系统管理员</TEXT>
    </T100>
   </T100>
  </asx:values>
 </asx:abap>
</abapGit>
