﻿<?xml version="1.0" encoding="utf-8"?>
<abapGit version="v1.0.0" serializer="LCL_OBJECT_SHLP" serializer_version="v1.0.0">
 <asx:abap xmlns:asx="http://www.sap.com/abapxml" version="1.0">
  <asx:values>
   <DD30V>
    <SHLPNAME>ZLZH_RIF_SH_IFCODE</SHLPNAME>
    <DDLANGUAGE>1</DDLANGUAGE>
    <DDTEXT>接口代码搜索帮助</DDTEXT>
    <ISSIMPLE>X</ISSIMPLE>
    <SELMETHOD>ZLZH_RIF_CONFIG</SELMETHOD>
    <SELMTYPE>T</SELMTYPE>
    <DIALOGTYPE>D</DIALOGTYPE>
    <FUZZY_SIMILARITY>0.8</FUZZY_SIMILARITY>
   </DD30V>
   <DD32P_TABLE>
    <DD32P>
     <SHLPNAME>ZLZH_RIF_SH_IFCODE</SHLPNAME>
     <FIELDNAME>IFCODE</FIELDNAME>
     <FLPOSITION>0001</FLPOSITION>
     <ROLLNAME>ZLZH_RIF_IFCODE</ROLLNAME>
     <SHLPINPUT>X</SHLPINPUT>
     <SHLPOUTPUT>X</SHLPOUTPUT>
     <SHLPSELPOS>01</SHLPSELPOS>
     <SHLPLISPOS>01</SHLPLISPOS>
     <SCRLEN3>40</SCRLEN3>
    </DD32P>
    <DD32P>
     <SHLPNAME>ZLZH_RIF_SH_IFCODE</SHLPNAME>
     <FIELDNAME>IFTEXT</FIELDNAME>
     <FLPOSITION>0002</FLPOSITION>
     <ROLLNAME>ZLZH_RIF_IFTEXT</ROLLNAME>
     <SHLPINPUT>X</SHLPINPUT>
     <SHLPOUTPUT>X</SHLPOUTPUT>
     <SHLPSELPOS>02</SHLPSELPOS>
     <SHLPLISPOS>02</SHLPLISPOS>
     <SCRLEN3>40</SCRLEN3>
    </DD32P>
    <DD32P>
     <SHLPNAME>ZLZH_RIF_SH_IFCODE</SHLPNAME>
     <FIELDNAME>DIRECTION</FIELDNAME>
     <FLPOSITION>0003</FLPOSITION>
     <ROLLNAME>ZLZH_RIF_DIRECTION</ROLLNAME>
     <SHLPINPUT>X</SHLPINPUT>
     <SHLPOUTPUT>X</SHLPOUTPUT>
     <SHLPSELPOS>03</SHLPSELPOS>
     <SHLPLISPOS>03</SHLPLISPOS>
     <SCRLEN3>40</SCRLEN3>
    </DD32P>
    <DD32P>
     <SHLPNAME>ZLZH_RIF_SH_IFCODE</SHLPNAME>
     <FIELDNAME>IFMODE</FIELDNAME>
     <FLPOSITION>0004</FLPOSITION>
     <ROLLNAME>ZLZH_RIF_IFMODE</ROLLNAME>
     <SHLPINPUT>X</SHLPINPUT>
     <SHLPOUTPUT>X</SHLPOUTPUT>
     <SHLPSELPOS>04</SHLPSELPOS>
     <SHLPLISPOS>04</SHLPLISPOS>
     <SCRLEN3>40</SCRLEN3>
    </DD32P>
   </DD32P_TABLE>
  </asx:values>
 </asx:abap>
</abapGit>
