﻿<?xml version="1.0" encoding="utf-8"?>
<abapGit version="v1.0.0" serializer="LCL_OBJECT_TABL" serializer_version="v1.0.0">
 <asx:abap xmlns:asx="http://www.sap.com/abapxml" version="1.0">
  <asx:values>
   <DD02V>
    <TABNAME>ZLZH_RIF_STEP</TABNAME>
    <DDLANGUAGE>1</DDLANGUAGE>
    <TABCLASS>TRANSP</TABCLASS>
    <CLIDEP>X</CLIDEP>
    <DDTEXT>执行步骤配置</DDTEXT>
    <MASTERLANG>1</MASTERLANG>
    <MAINFLAG>X</MAINFLAG>
    <CONTFLAG>C</CONTFLAG>
    <EXCLASS>3</EXCLASS>
   </DD02V>
   <DD09L>
    <TABNAME>ZLZH_RIF_STEP</TABNAME>
    <AS4LOCAL>A</AS4LOCAL>
    <TABKAT>0</TABKAT>
    <TABART>APPL0</TABART>
    <BUFALLOW>N</BUFALLOW>
   </DD09L>
   <DD03P_TABLE>
    <DD03P>
     <FIELDNAME>MANDT</FIELDNAME>
     <KEYFLAG>X</KEYFLAG>
     <ROLLNAME>MANDT</ROLLNAME>
     <ADMINFIELD>0</ADMINFIELD>
     <NOTNULL>X</NOTNULL>
     <COMPTYPE>E</COMPTYPE>
    </DD03P>
    <DD03P>
     <FIELDNAME>IFCODE</FIELDNAME>
     <KEYFLAG>X</KEYFLAG>
     <ROLLNAME>ZLZH_RIF_IFCODE</ROLLNAME>
     <CHECKTABLE>ZLZH_RIF_CONFIG</CHECKTABLE>
     <ADMINFIELD>0</ADMINFIELD>
     <NOTNULL>X</NOTNULL>
     <SHLPORIGIN>X</SHLPORIGIN>
     <SHLPNAME>ZLZH_RIF_SH_IFCODE</SHLPNAME>
     <SHLPFIELD>IFCODE</SHLPFIELD>
     <COMPTYPE>E</COMPTYPE>
    </DD03P>
    <DD03P>
     <FIELDNAME>STEPID</FIELDNAME>
     <KEYFLAG>X</KEYFLAG>
     <ROLLNAME>ZLZH_RIF_STEPID</ROLLNAME>
     <ADMINFIELD>0</ADMINFIELD>
     <NOTNULL>X</NOTNULL>
     <SHLPORIGIN>D</SHLPORIGIN>
     <COMPTYPE>E</COMPTYPE>
    </DD03P>
    <DD03P>
     <FIELDNAME>STEP_TEXT</FIELDNAME>
     <ROLLNAME>ZLZH_RIF_STEP_TEXT</ROLLNAME>
     <ADMINFIELD>0</ADMINFIELD>
     <COMPTYPE>E</COMPTYPE>
    </DD03P>
    <DD03P>
     <FIELDNAME>STEP_ORDER</FIELDNAME>
     <ROLLNAME>ZLZH_RIF_STEP_ORDER</ROLLNAME>
     <ADMINFIELD>0</ADMINFIELD>
     <COMPTYPE>E</COMPTYPE>
    </DD03P>
    <DD03P>
     <FIELDNAME>INACTIVE</FIELDNAME>
     <ROLLNAME>ZLZH_RIF_INACTIVE</ROLLNAME>
     <ADMINFIELD>0</ADMINFIELD>
     <VALEXI>X</VALEXI>
     <SHLPORIGIN>F</SHLPORIGIN>
     <COMPTYPE>E</COMPTYPE>
    </DD03P>
   </DD03P_TABLE>
   <DD05M_TABLE>
    <DD05M>
     <FIELDNAME>IFCODE</FIELDNAME>
     <FORTABLE>ZLZH_RIF_STEP</FORTABLE>
     <FORKEY>MANDT</FORKEY>
     <CHECKTABLE>ZLZH_RIF_CONFIG</CHECKTABLE>
     <CHECKFIELD>MANDT</CHECKFIELD>
     <PRIMPOS>0001</PRIMPOS>
     <DOMNAME>MANDT</DOMNAME>
     <DATATYPE>CLNT</DATATYPE>
    </DD05M>
    <DD05M>
     <FIELDNAME>IFCODE</FIELDNAME>
     <FORTABLE>ZLZH_RIF_STEP</FORTABLE>
     <FORKEY>IFCODE</FORKEY>
     <CHECKTABLE>ZLZH_RIF_CONFIG</CHECKTABLE>
     <CHECKFIELD>IFCODE</CHECKFIELD>
     <PRIMPOS>0002</PRIMPOS>
     <DOMNAME>ZLZH_RIF_IFCODE</DOMNAME>
     <DATATYPE>CHAR</DATATYPE>
    </DD05M>
   </DD05M_TABLE>
   <DD08V_TABLE>
    <DD08V>
     <FIELDNAME>IFCODE</FIELDNAME>
     <CHECKTABLE>ZLZH_RIF_CONFIG</CHECKTABLE>
    </DD08V>
   </DD08V_TABLE>
   <DD35V_TALE>
    <DD35V>
     <FIELDNAME>IFCODE</FIELDNAME>
     <SHLPNAME>ZLZH_RIF_SH_IFCODE</SHLPNAME>
    </DD35V>
   </DD35V_TALE>
   <DD36M>
    <DD36M>
     <FIELDNAME>IFCODE</FIELDNAME>
     <SHLPNAME>ZLZH_RIF_SH_IFCODE</SHLPNAME>
     <SHLPFIELD>DIRECTION</SHLPFIELD>
     <FLPOSITION>0003</FLPOSITION>
     <SHTYPE>G</SHTYPE>
     <SHLPINPUT>X</SHLPINPUT>
     <SHLPOUTPUT>X</SHLPOUTPUT>
     <ROLLNAME>ZLZH_RIF_DIRECTION</ROLLNAME>
     <DOMNAME>ZLZH_RIF_DIRECTION</DOMNAME>
     <DATATYPE>CHAR</DATATYPE>
     <LENG>000001</LENG>
    </DD36M>
    <DD36M>
     <FIELDNAME>IFCODE</FIELDNAME>
     <SHLPNAME>ZLZH_RIF_SH_IFCODE</SHLPNAME>
     <SHLPFIELD>IFCODE</SHLPFIELD>
     <FLPOSITION>0001</FLPOSITION>
     <SHTABLE>ZLZH_RIF_STEP</SHTABLE>
     <SHFIELD>IFCODE</SHFIELD>
     <SHLPINPUT>X</SHLPINPUT>
     <SHLPOUTPUT>X</SHLPOUTPUT>
     <ROLLNAME>ZLZH_RIF_IFCODE</ROLLNAME>
     <DOMNAME>ZLZH_RIF_IFCODE</DOMNAME>
     <DATATYPE>CHAR</DATATYPE>
     <LENG>000010</LENG>
    </DD36M>
    <DD36M>
     <FIELDNAME>IFCODE</FIELDNAME>
     <SHLPNAME>ZLZH_RIF_SH_IFCODE</SHLPNAME>
     <SHLPFIELD>IFMODE</SHLPFIELD>
     <FLPOSITION>0004</FLPOSITION>
     <SHTYPE>G</SHTYPE>
     <SHLPINPUT>X</SHLPINPUT>
     <SHLPOUTPUT>X</SHLPOUTPUT>
     <ROLLNAME>ZLZH_RIF_IFMODE</ROLLNAME>
     <DOMNAME>ZLZH_RIF_IFMODE</DOMNAME>
     <DATATYPE>CHAR</DATATYPE>
     <LENG>000001</LENG>
    </DD36M>
    <DD36M>
     <FIELDNAME>IFCODE</FIELDNAME>
     <SHLPNAME>ZLZH_RIF_SH_IFCODE</SHLPNAME>
     <SHLPFIELD>IFTEXT</SHLPFIELD>
     <FLPOSITION>0002</FLPOSITION>
     <SHTYPE>G</SHTYPE>
     <SHLPINPUT>X</SHLPINPUT>
     <SHLPOUTPUT>X</SHLPOUTPUT>
     <ROLLNAME>ZLZH_RIF_IFTEXT</ROLLNAME>
     <DOMNAME>TEXT20</DOMNAME>
     <DATATYPE>CHAR</DATATYPE>
     <LENG>000020</LENG>
    </DD36M>
   </DD36M>
  </asx:values>
 </asx:abap>
</abapGit>
