﻿<?xml version="1.0" encoding="utf-8"?>
<abapGit version="v1.0.0" serializer="LCL_OBJECT_CLAS" serializer_version="v1.0.0">
 <asx:abap xmlns:asx="http://www.sap.com/abapxml" version="1.0">
  <asx:values>
   <VSEOCLASS>
    <CLSNAME>ZCL_LZH_ENCRYPT</CLSNAME>
    <LANGU>1</LANGU>
    <DESCRIPT>加密解密</DESCRIPT>
    <STATE>1</STATE>
    <CLSCCINCL>X</CLSCCINCL>
    <FIXPT>X</FIXPT>
    <UNICODE>X</UNICODE>
   </VSEOCLASS>
   <DESCRIPTIONS>
    <SEOCOMPOTX>
     <CMPNAME>CREATE</CMPNAME>
     <LANGU>1</LANGU>
     <DESCRIPT>加密解密</DESCRIPT>
    </SEOCOMPOTX>
    <SEOCOMPOTX>
     <CMPNAME>DECODE_BASE64</CMPNAME>
     <LANGU>1</LANGU>
     <DESCRIPT>BASE64解码</DESCRIPT>
    </SEOCOMPOTX>
    <SEOCOMPOTX>
     <CMPNAME>ENCODE_BASE64</CMPNAME>
     <LANGU>1</LANGU>
     <DESCRIPT>BASE64编码</DESCRIPT>
    </SEOCOMPOTX>
   </DESCRIPTIONS>
   <DESCRIPTIONS_SUB>
    <SEOSUBCOTX>
     <CMPNAME>CREATE</CMPNAME>
     <SCONAME>R_RESULT</SCONAME>
     <LANGU>1</LANGU>
     <DESCRIPT>加密解密</DESCRIPT>
    </SEOSUBCOTX>
    <SEOSUBCOTX>
     <CMPNAME>DECODE_BASE64</CMPNAME>
     <SCONAME>ENCODED</SCONAME>
     <LANGU>1</LANGU>
     <DESCRIPT>编码数据</DESCRIPT>
    </SEOSUBCOTX>
    <SEOSUBCOTX>
     <CMPNAME>DECODE_BASE64</CMPNAME>
     <SCONAME>UNENCODED</SCONAME>
     <LANGU>1</LANGU>
     <DESCRIPT>未编码数据</DESCRIPT>
    </SEOSUBCOTX>
    <SEOSUBCOTX>
     <CMPNAME>ENCODE_BASE64</CMPNAME>
     <SCONAME>ENCODED</SCONAME>
     <LANGU>1</LANGU>
     <DESCRIPT>编码数据</DESCRIPT>
    </SEOSUBCOTX>
    <SEOSUBCOTX>
     <CMPNAME>ENCODE_BASE64</CMPNAME>
     <SCONAME>UNENCODED</SCONAME>
     <LANGU>1</LANGU>
     <DESCRIPT>未编码数据</DESCRIPT>
    </SEOSUBCOTX>
   </DESCRIPTIONS_SUB>
  </asx:values>
 </asx:abap>
</abapGit>
