﻿<?xml version="1.0" encoding="utf-8"?>
<abapGit version="v1.0.0" serializer="LCL_OBJECT_SHI3" serializer_version="v1.0.0">
 <asx:abap xmlns:asx="http://www.sap.com/abapxml" version="1.0">
  <asx:values>
   <TREE_HEAD>
    <ID>FA163E23BAD51EDEA2B58BD3608A9F4C</ID>
    <TYPE>IMG</TYPE>
    <NODE_ID>FA163E23BAD51EDEA2B58BD3608ABF4C</NODE_ID>
    <MASTERLANG>1</MASTERLANG>
    <BUFFERMODE>0</BUFFERMODE>
   </TREE_HEAD>
   <TREE_TITLES>
    <TTREET>
     <SPRAS>1</SPRAS>
     <ID>FA163E23BAD51EDEA2B58BD3608A9F4C</ID>
     <TEXT>报表平台</TEXT>
     <TEXT_CAP>报表平台</TEXT_CAP>
    </TTREET>
   </TREE_TITLES>
   <TREE_NODES>
    <HIER_IFACE>
     <NODE_ID>FA163E23BAD51EDEA2B58BD3608ABF4C</NODE_ID>
     <NODE_TYPE>IMG0</NODE_TYPE>
     <NODE_LEVEL>01</NODE_LEVEL>
     <TREE_ID>FA163E23BAD51EDEA2B58BD3608A9F4C</TREE_ID>
     <FORCE_PLUS>X</FORCE_PLUS>
    </HIER_IFACE>
    <HIER_IFACE>
     <NODE_ID>FA163E23BAD51EDEA2B5A153B3B1DFA5</NODE_ID>
     <NODE_TYPE>IMG</NODE_TYPE>
     <NODE_LEVEL>02</NODE_LEVEL>
     <PARENT_ID>FA163E23BAD51EDEA2B58BD3608ABF4C</PARENT_ID>
     <TREE_ID>FA163E23BAD51EDEA2B58BD3608A9F4C</TREE_ID>
    </HIER_IFACE>
   </TREE_NODES>
   <TREE_REFS>
    <HIER_REF>
     <NODE_ID>FA163E23BAD51EDEA2B5A153B3B1DFA5</NODE_ID>
     <REF_TYPE>COBJ</REF_TYPE>
     <REF_OBJECT>ZLZH_RPT_V_NODE</REF_OBJECT>
    </HIER_REF>
   </TREE_REFS>
   <TREE_TEXTS>
    <HIER_TEXTS>
     <SPRAS>1</SPRAS>
     <NODE_ID>FA163E23BAD51EDEA2B58BD3608ABF4C</NODE_ID>
     <TEXT>报表平台</TEXT>
    </HIER_TEXTS>
    <HIER_TEXTS>
     <SPRAS>1</SPRAS>
     <NODE_ID>FA163E23BAD51EDEA2B5A153B3B1DFA5</NODE_ID>
     <TEXT>配置菜单</TEXT>
     <FROM_OBJ>X</FROM_OBJ>
    </HIER_TEXTS>
   </TREE_TEXTS>
  </asx:values>
 </asx:abap>
</abapGit>
