﻿<?xml version="1.0" encoding="utf-8"?>
<abapGit version="v1.0.0" serializer="LCL_OBJECT_CLAS" serializer_version="v1.0.0">
 <asx:abap xmlns:asx="http://www.sap.com/abapxml" version="1.0">
  <asx:values>
   <VSEOCLASS>
    <CLSNAME>ZCL_LZH_RPT_NODE</CLSNAME>
    <LANGU>1</LANGU>
    <DESCRIPT>菜单节点</DESCRIPT>
    <STATE>1</STATE>
    <CLSCCINCL>X</CLSCCINCL>
    <FIXPT>X</FIXPT>
    <UNICODE>X</UNICODE>
    <RSTAT>K</RSTAT>
    <MSG_ID>ZDLMP</MSG_ID>
   </VSEOCLASS>
   <DESCRIPTIONS>
    <SEOCOMPOTX>
     <CMPNAME>CALL_CLUSTER_VIEW</CMPNAME>
     <LANGU>1</LANGU>
     <DESCRIPT>调用视图簇</DESCRIPT>
    </SEOCOMPOTX>
    <SEOCOMPOTX>
     <CMPNAME>CALL_IMG_ACTIVITY</CMPNAME>
     <LANGU>1</LANGU>
     <DESCRIPT>调用IMG活动</DESCRIPT>
    </SEOCOMPOTX>
    <SEOCOMPOTX>
     <CMPNAME>CALL_PROGRAM</CMPNAME>
     <LANGU>1</LANGU>
     <DESCRIPT>调用程序</DESCRIPT>
    </SEOCOMPOTX>
    <SEOCOMPOTX>
     <CMPNAME>CALL_TRANSACTION</CMPNAME>
     <LANGU>1</LANGU>
     <DESCRIPT>调用事务代码</DESCRIPT>
    </SEOCOMPOTX>
    <SEOCOMPOTX>
     <CMPNAME>CALL_VIEW</CMPNAME>
     <LANGU>1</LANGU>
     <DESCRIPT>调用视图</DESCRIPT>
    </SEOCOMPOTX>
    <SEOCOMPOTX>
     <CMPNAME>CHECK_SUBSCREEN</CMPNAME>
     <LANGU>1</LANGU>
     <DESCRIPT>调用视图</DESCRIPT>
    </SEOCOMPOTX>
    <SEOCOMPOTX>
     <CMPNAME>CLICK_NODE</CMPNAME>
     <LANGU>1</LANGU>
     <DESCRIPT>单击菜单节点</DESCRIPT>
    </SEOCOMPOTX>
    <SEOCOMPOTX>
     <CMPNAME>CONSTRUCTOR</CMPNAME>
     <LANGU>1</LANGU>
     <DESCRIPT>CONSTRUCTOR</DESCRIPT>
    </SEOCOMPOTX>
    <SEOCOMPOTX>
     <CMPNAME>FACTORY</CMPNAME>
     <LANGU>1</LANGU>
     <DESCRIPT>factory</DESCRIPT>
    </SEOCOMPOTX>
    <SEOCOMPOTX>
     <CMPNAME>GET_NODE</CMPNAME>
     <LANGU>1</LANGU>
     <DESCRIPT>获取菜单节点数据</DESCRIPT>
    </SEOCOMPOTX>
    <SEOCOMPOTX>
     <CMPNAME>MC_ACTTY_01</CMPNAME>
     <LANGU>1</LANGU>
     <DESCRIPT>活动类型:事务代码</DESCRIPT>
    </SEOCOMPOTX>
    <SEOCOMPOTX>
     <CMPNAME>MC_ACTTY_02</CMPNAME>
     <LANGU>1</LANGU>
     <DESCRIPT>活动类型:IMG活动</DESCRIPT>
    </SEOCOMPOTX>
    <SEOCOMPOTX>
     <CMPNAME>MC_ACTTY_03</CMPNAME>
     <LANGU>1</LANGU>
     <DESCRIPT>活动类型:程序</DESCRIPT>
    </SEOCOMPOTX>
    <SEOCOMPOTX>
     <CMPNAME>MC_ACTTY_04</CMPNAME>
     <LANGU>1</LANGU>
     <DESCRIPT>活动类型:视图</DESCRIPT>
    </SEOCOMPOTX>
    <SEOCOMPOTX>
     <CMPNAME>MC_ACTTY_05</CMPNAME>
     <LANGU>1</LANGU>
     <DESCRIPT>活动类型:视图簇</DESCRIPT>
    </SEOCOMPOTX>
    <SEOCOMPOTX>
     <CMPNAME>MC_ACTTY_06</CMPNAME>
     <LANGU>1</LANGU>
     <DESCRIPT>活动类型:子屏幕</DESCRIPT>
    </SEOCOMPOTX>
    <SEOCOMPOTX>
     <CMPNAME>MC_MAIN_PROGRAM</CMPNAME>
     <LANGU>1</LANGU>
     <DESCRIPT>主程序名</DESCRIPT>
    </SEOCOMPOTX>
    <SEOCOMPOTX>
     <CMPNAME>MS_NODE</CMPNAME>
     <LANGU>1</LANGU>
     <DESCRIPT>菜单节点</DESCRIPT>
    </SEOCOMPOTX>
    <SEOCOMPOTX>
     <CMPNAME>MV_MESSAGE</CMPNAME>
     <LANGU>1</LANGU>
     <DESCRIPT>消息文本</DESCRIPT>
    </SEOCOMPOTX>
   </DESCRIPTIONS>
   <DESCRIPTIONS_SUB>
    <SEOSUBCOTX>
     <CMPNAME>CALL_CLUSTER_VIEW</CMPNAME>
     <SCONAME>IV_ACTOBJ</SCONAME>
     <LANGU>1</LANGU>
     <DESCRIPT>活动对象</DESCRIPT>
    </SEOSUBCOTX>
    <SEOSUBCOTX>
     <CMPNAME>CALL_IMG_ACTIVITY</CMPNAME>
     <SCONAME>IV_ACTOBJ</SCONAME>
     <LANGU>1</LANGU>
     <DESCRIPT>活动对象</DESCRIPT>
    </SEOSUBCOTX>
    <SEOSUBCOTX>
     <CMPNAME>CALL_PROGRAM</CMPNAME>
     <SCONAME>IV_ACTOBJ</SCONAME>
     <LANGU>1</LANGU>
     <DESCRIPT>活动对象</DESCRIPT>
    </SEOSUBCOTX>
    <SEOSUBCOTX>
     <CMPNAME>CALL_TRANSACTION</CMPNAME>
     <SCONAME>IV_ACTOBJ</SCONAME>
     <LANGU>1</LANGU>
     <DESCRIPT>活动对象</DESCRIPT>
    </SEOSUBCOTX>
    <SEOSUBCOTX>
     <CMPNAME>CALL_VIEW</CMPNAME>
     <SCONAME>IV_ACTOBJ</SCONAME>
     <LANGU>1</LANGU>
     <DESCRIPT>活动对象</DESCRIPT>
    </SEOSUBCOTX>
    <SEOSUBCOTX>
     <CMPNAME>CHECK_SUBSCREEN</CMPNAME>
     <SCONAME>CS_NODE</SCONAME>
     <LANGU>1</LANGU>
     <DESCRIPT>菜单节点</DESCRIPT>
    </SEOSUBCOTX>
    <SEOSUBCOTX>
     <CMPNAME>CLICK_NODE</CMPNAME>
     <SCONAME>IV_NODEID</SCONAME>
     <LANGU>1</LANGU>
     <DESCRIPT>菜单节点</DESCRIPT>
    </SEOSUBCOTX>
    <SEOSUBCOTX>
     <CMPNAME>CLICK_NODE</CMPNAME>
     <SCONAME>RS_NODE</SCONAME>
     <LANGU>1</LANGU>
     <DESCRIPT>菜单节点</DESCRIPT>
    </SEOSUBCOTX>
    <SEOSUBCOTX>
     <CMPNAME>FACTORY</CMPNAME>
     <SCONAME>RO_NODE</SCONAME>
     <LANGU>1</LANGU>
     <DESCRIPT>菜单节点</DESCRIPT>
    </SEOSUBCOTX>
    <SEOSUBCOTX>
     <CMPNAME>GET_NODE</CMPNAME>
     <SCONAME>IV_NODEID</SCONAME>
     <LANGU>1</LANGU>
     <DESCRIPT>菜单节点</DESCRIPT>
    </SEOSUBCOTX>
    <SEOSUBCOTX>
     <CMPNAME>GET_NODE</CMPNAME>
     <SCONAME>RS_NODE</SCONAME>
     <LANGU>1</LANGU>
     <DESCRIPT>菜单节点</DESCRIPT>
    </SEOSUBCOTX>
   </DESCRIPTIONS_SUB>
  </asx:values>
 </asx:abap>
</abapGit>
