﻿<?xml version="1.0" encoding="utf-8"?>
<abapGit version="v1.0.0" serializer="LCL_OBJECT_CLAS" serializer_version="v1.0.0">
 <asx:abap xmlns:asx="http://www.sap.com/abapxml" version="1.0">
  <asx:values>
   <VSEOCLASS>
    <CLSNAME>ZCL_LZH_RPT_FACTORY</CLSNAME>
    <LANGU>1</LANGU>
    <DESCRIPT>报表工厂类</DESCRIPT>
    <STATE>1</STATE>
    <CLSCCINCL>X</CLSCCINCL>
    <FIXPT>X</FIXPT>
    <UNICODE>X</UNICODE>
    <MSG_ID>ZLZH_RPT</MSG_ID>
   </VSEOCLASS>
   <DESCRIPTIONS>
    <SEOCOMPOTX>
     <CMPNAME>CHECK_FUNCTION_SIGNTRUE</CMPNAME>
     <LANGU>1</LANGU>
     <DESCRIPT>检查报表功能产品签名</DESCRIPT>
    </SEOCOMPOTX>
    <SEOCOMPOTX>
     <CMPNAME>CHECK_PRODUCT_CLASS_EXIST</CMPNAME>
     <LANGU>1</LANGU>
     <DESCRIPT>检查类型是否存在</DESCRIPT>
    </SEOCOMPOTX>
    <SEOCOMPOTX>
     <CMPNAME>CHECK_REPORT_SIGNTRUE</CMPNAME>
     <LANGU>1</LANGU>
     <DESCRIPT>检查报表产品签名</DESCRIPT>
    </SEOCOMPOTX>
    <SEOCOMPOTX>
     <CMPNAME>CONSTRUCTOR</CMPNAME>
     <LANGU>1</LANGU>
     <DESCRIPT>构造方法</DESCRIPT>
    </SEOCOMPOTX>
    <SEOCOMPOTX>
     <CMPNAME>CORR_INSERT</CMPNAME>
     <LANGU>1</LANGU>
     <DESCRIPT>将类写入传输条目</DESCRIPT>
    </SEOCOMPOTX>
    <SEOCOMPOTX>
     <CMPNAME>CREATE</CMPNAME>
     <LANGU>1</LANGU>
     <DESCRIPT>创建工厂对象</DESCRIPT>
    </SEOCOMPOTX>
    <SEOCOMPOTX>
     <CMPNAME>CREATE_FUNCTION</CMPNAME>
     <LANGU>1</LANGU>
     <DESCRIPT>创建报表功能</DESCRIPT>
    </SEOCOMPOTX>
    <SEOCOMPOTX>
     <CMPNAME>CREATE_PRODUCT_CLASS</CMPNAME>
     <LANGU>1</LANGU>
     <DESCRIPT>创建产品类</DESCRIPT>
    </SEOCOMPOTX>
    <SEOCOMPOTX>
     <CMPNAME>CREATE_RANGE_DATA</CMPNAME>
     <LANGU>1</LANGU>
     <DESCRIPT>创建range数据对象</DESCRIPT>
    </SEOCOMPOTX>
    <SEOCOMPOTX>
     <CMPNAME>CREATE_REPORT</CMPNAME>
     <LANGU>1</LANGU>
     <DESCRIPT>创建报表</DESCRIPT>
    </SEOCOMPOTX>
    <SEOCOMPOTX>
     <CMPNAME>DISPLAY</CMPNAME>
     <LANGU>1</LANGU>
     <DESCRIPT>ALV显示</DESCRIPT>
    </SEOCOMPOTX>
    <SEOCOMPOTX>
     <CMPNAME>EXECUTE</CMPNAME>
     <LANGU>1</LANGU>
     <DESCRIPT>执行</DESCRIPT>
    </SEOCOMPOTX>
    <SEOCOMPOTX>
     <CMPNAME>GET_PARAM_VALUE</CMPNAME>
     <LANGU>1</LANGU>
     <DESCRIPT>获取参数的值</DESCRIPT>
    </SEOCOMPOTX>
    <SEOCOMPOTX>
     <CMPNAME>GET_SEO_COMPONENT</CMPNAME>
     <LANGU>1</LANGU>
     <DESCRIPT>获取类/接口组件</DESCRIPT>
    </SEOCOMPOTX>
    <SEOCOMPOTX>
     <CMPNAME>INITIALIZATION</CMPNAME>
     <LANGU>1</LANGU>
     <DESCRIPT>事件：初始化</DESCRIPT>
    </SEOCOMPOTX>
    <SEOCOMPOTX>
     <CMPNAME>MODIFY_SCREEN</CMPNAME>
     <LANGU>1</LANGU>
     <DESCRIPT>事件：修改屏幕</DESCRIPT>
    </SEOCOMPOTX>
    <SEOCOMPOTX>
     <CMPNAME>MR_FUNCTION</CMPNAME>
     <LANGU>1</LANGU>
     <DESCRIPT>报表功能产品组件</DESCRIPT>
    </SEOCOMPOTX>
    <SEOCOMPOTX>
     <CMPNAME>MR_REPORT</CMPNAME>
     <LANGU>1</LANGU>
     <DESCRIPT>报表产品组件</DESCRIPT>
    </SEOCOMPOTX>
    <SEOCOMPOTX>
     <CMPNAME>MR_TABLE</CMPNAME>
     <LANGU>1</LANGU>
     <DESCRIPT>SALV</DESCRIPT>
    </SEOCOMPOTX>
    <SEOCOMPOTX>
     <CMPNAME>MS_LAYOUT</CMPNAME>
     <LANGU>1</LANGU>
     <DESCRIPT>布局</DESCRIPT>
    </SEOCOMPOTX>
    <SEOCOMPOTX>
     <CMPNAME>MS_POPUP</CMPNAME>
     <LANGU>1</LANGU>
     <DESCRIPT>SALV: 以弹窗显示</DESCRIPT>
    </SEOCOMPOTX>
    <SEOCOMPOTX>
     <CMPNAME>MS_VARIANT</CMPNAME>
     <LANGU>1</LANGU>
     <DESCRIPT>变式</DESCRIPT>
    </SEOCOMPOTX>
    <SEOCOMPOTX>
     <CMPNAME>MT_COLUMNS</CMPNAME>
     <LANGU>1</LANGU>
     <DESCRIPT>字段目录</DESCRIPT>
    </SEOCOMPOTX>
    <SEOCOMPOTX>
     <CMPNAME>MT_SORT</CMPNAME>
     <LANGU>1</LANGU>
     <DESCRIPT>ALV 控制：排序标准表</DESCRIPT>
    </SEOCOMPOTX>
    <SEOCOMPOTX>
     <CMPNAME>MT_TOOLBAR</CMPNAME>
     <LANGU>1</LANGU>
     <DESCRIPT>工具栏按钮</DESCRIPT>
    </SEOCOMPOTX>
    <SEOCOMPOTX>
     <CMPNAME>MT_TOOLBAR_EXCLUDING</CMPNAME>
     <LANGU>1</LANGU>
     <DESCRIPT>排除按钮</DESCRIPT>
    </SEOCOMPOTX>
    <SEOCOMPOTX>
     <CMPNAME>MV_COLUMNS_CHGIND</CMPNAME>
     <LANGU>1</LANGU>
     <DESCRIPT>字段目录更改类型</DESCRIPT>
    </SEOCOMPOTX>
    <SEOCOMPOTX>
     <CMPNAME>MV_MESSAGE</CMPNAME>
     <LANGU>1</LANGU>
     <DESCRIPT>消息文本</DESCRIPT>
    </SEOCOMPOTX>
    <SEOCOMPOTX>
     <CMPNAME>MV_PFREPID</CMPNAME>
     <LANGU>1</LANGU>
     <DESCRIPT>ABAP 程序：当前主程序</DESCRIPT>
    </SEOCOMPOTX>
    <SEOCOMPOTX>
     <CMPNAME>MV_PFSTATUS</CMPNAME>
     <LANGU>1</LANGU>
     <DESCRIPT>GUI 状态</DESCRIPT>
    </SEOCOMPOTX>
    <SEOCOMPOTX>
     <CMPNAME>MV_REPID</CMPNAME>
     <LANGU>1</LANGU>
     <DESCRIPT>执行报表程序</DESCRIPT>
    </SEOCOMPOTX>
    <SEOCOMPOTX>
     <CMPNAME>MV_TITLE</CMPNAME>
     <LANGU>1</LANGU>
     <DESCRIPT>标题</DESCRIPT>
    </SEOCOMPOTX>
    <SEOCOMPOTX>
     <CMPNAME>SELSCREN_ELEMENT_READ</CMPNAME>
     <LANGU>1</LANGU>
     <DESCRIPT>读取选择屏幕的值</DESCRIPT>
    </SEOCOMPOTX>
    <SEOCOMPOTX>
     <CMPNAME>SEO_STARTUP</CMPNAME>
     <LANGU>1</LANGU>
     <DESCRIPT>启动类构造器（SE24)</DESCRIPT>
    </SEOCOMPOTX>
    <SEOCOMPOTX>
     <CMPNAME>START_REPORT</CMPNAME>
     <LANGU>1</LANGU>
     <DESCRIPT>启动报表</DESCRIPT>
    </SEOCOMPOTX>
    <SEOCOMPOTX>
     <CMPNAME>USER_COMMAND</CMPNAME>
     <LANGU>1</LANGU>
     <DESCRIPT>选择屏幕功能处理</DESCRIPT>
    </SEOCOMPOTX>
    <SEOCOMPOTX>
     <CMPNAME>VALUE_REQUEST</CMPNAME>
     <LANGU>1</LANGU>
     <DESCRIPT>事件：输入帮助</DESCRIPT>
    </SEOCOMPOTX>
   </DESCRIPTIONS>
   <DESCRIPTIONS_SUB>
    <SEOSUBCOTX>
     <CMPNAME>CALL_CLASS_BUILDER</CMPNAME>
     <SCONAME>CLASSDESCRIPT</SCONAME>
     <LANGU>1</LANGU>
     <DESCRIPT>简短描述</DESCRIPT>
    </SEOSUBCOTX>
    <SEOSUBCOTX>
     <CMPNAME>CALL_CLASS_BUILDER</CMPNAME>
     <SCONAME>CLASSNAME</SCONAME>
     <LANGU>1</LANGU>
     <DESCRIPT>类/接口</DESCRIPT>
    </SEOSUBCOTX>
    <SEOSUBCOTX>
     <CMPNAME>CALL_CLASS_BUILDER</CMPNAME>
     <SCONAME>REFCLSNAME_TAB</SCONAME>
     <LANGU>1</LANGU>
     <DESCRIPT>接口</DESCRIPT>
    </SEOSUBCOTX>
    <SEOSUBCOTX>
     <CMPNAME>CHECK_FUNCTION_SIGNTRUE</CMPNAME>
     <SCONAME>CLASSNAME</SCONAME>
     <LANGU>1</LANGU>
     <DESCRIPT>类</DESCRIPT>
    </SEOSUBCOTX>
    <SEOSUBCOTX>
     <CMPNAME>CHECK_FUNCTION_SIGNTRUE</CMPNAME>
     <SCONAME>ERROR</SCONAME>
     <LANGU>1</LANGU>
     <DESCRIPT>错误标识</DESCRIPT>
    </SEOSUBCOTX>
    <SEOSUBCOTX>
     <CMPNAME>CHECK_PRODUCT_CLASS_EXIST</CMPNAME>
     <SCONAME>CLASSNAME</SCONAME>
     <LANGU>1</LANGU>
     <DESCRIPT>类/接口</DESCRIPT>
    </SEOSUBCOTX>
    <SEOSUBCOTX>
     <CMPNAME>CHECK_PRODUCT_CLASS_EXIST</CMPNAME>
     <SCONAME>EXIST</SCONAME>
     <LANGU>1</LANGU>
     <DESCRIPT>存在</DESCRIPT>
    </SEOSUBCOTX>
    <SEOSUBCOTX>
     <CMPNAME>CHECK_REPORT_SIGNTRUE</CMPNAME>
     <SCONAME>CLASSNAME</SCONAME>
     <LANGU>1</LANGU>
     <DESCRIPT>类</DESCRIPT>
    </SEOSUBCOTX>
    <SEOSUBCOTX>
     <CMPNAME>CHECK_REPORT_SIGNTRUE</CMPNAME>
     <SCONAME>ERROR</SCONAME>
     <LANGU>1</LANGU>
     <DESCRIPT>错误标识</DESCRIPT>
    </SEOSUBCOTX>
    <SEOSUBCOTX>
     <CMPNAME>CORR_INSERT</CMPNAME>
     <SCONAME>CLASSNAME</SCONAME>
     <LANGU>1</LANGU>
     <DESCRIPT>类/接口</DESCRIPT>
    </SEOSUBCOTX>
    <SEOSUBCOTX>
     <CMPNAME>CORR_INSERT</CMPNAME>
     <SCONAME>DEVCLASS</SCONAME>
     <LANGU>1</LANGU>
     <DESCRIPT>包</DESCRIPT>
    </SEOSUBCOTX>
    <SEOSUBCOTX>
     <CMPNAME>CREATE</CMPNAME>
     <SCONAME>R_RESULT</SCONAME>
     <LANGU>1</LANGU>
     <DESCRIPT>工厂对象</DESCRIPT>
    </SEOSUBCOTX>
    <SEOSUBCOTX>
     <CMPNAME>CREATE_FUNCTION</CMPNAME>
     <SCONAME>REPORT</SCONAME>
     <LANGU>1</LANGU>
     <DESCRIPT>报表产品组件</DESCRIPT>
    </SEOSUBCOTX>
    <SEOSUBCOTX>
     <CMPNAME>CREATE_FUNCTION</CMPNAME>
     <SCONAME>R_RESULT</SCONAME>
     <LANGU>1</LANGU>
     <DESCRIPT>报表功能产品组件</DESCRIPT>
    </SEOSUBCOTX>
    <SEOSUBCOTX>
     <CMPNAME>CREATE_FUNCTION</CMPNAME>
     <SCONAME>ZCX_LZH_RPT</SCONAME>
     <LANGU>1</LANGU>
     <DESCRIPT>异常处理类</DESCRIPT>
    </SEOSUBCOTX>
    <SEOSUBCOTX>
     <CMPNAME>CREATE_PRODUCT_CLASS</CMPNAME>
     <SCONAME>CLASSDESCRIPT</SCONAME>
     <LANGU>1</LANGU>
     <DESCRIPT>简短描述</DESCRIPT>
    </SEOSUBCOTX>
    <SEOSUBCOTX>
     <CMPNAME>CREATE_PRODUCT_CLASS</CMPNAME>
     <SCONAME>CLASSNAME</SCONAME>
     <LANGU>1</LANGU>
     <DESCRIPT>类</DESCRIPT>
    </SEOSUBCOTX>
    <SEOSUBCOTX>
     <CMPNAME>CREATE_PRODUCT_CLASS</CMPNAME>
     <SCONAME>REFCLSNAME_TAB</SCONAME>
     <LANGU>1</LANGU>
     <DESCRIPT>接口</DESCRIPT>
    </SEOSUBCOTX>
    <SEOSUBCOTX>
     <CMPNAME>CREATE_PRODUCT_CLASS</CMPNAME>
     <SCONAME>ZCX_LZH_RPT</SCONAME>
     <LANGU>1</LANGU>
     <DESCRIPT>异常处理类</DESCRIPT>
    </SEOSUBCOTX>
    <SEOSUBCOTX>
     <CMPNAME>CREATE_RANGE_DATA</CMPNAME>
     <SCONAME>RANGE_DATA</SCONAME>
     <LANGU>1</LANGU>
     <DESCRIPT>range数据对象</DESCRIPT>
    </SEOSUBCOTX>
    <SEOSUBCOTX>
     <CMPNAME>CREATE_RANGE_DATA</CMPNAME>
     <SCONAME>RANGE_TYPE</SCONAME>
     <LANGU>1</LANGU>
     <DESCRIPT>参考类型</DESCRIPT>
    </SEOSUBCOTX>
    <SEOSUBCOTX>
     <CMPNAME>CREATE_REPORT</CMPNAME>
     <SCONAME>RPTID</SCONAME>
     <LANGU>1</LANGU>
     <DESCRIPT>报表ID</DESCRIPT>
    </SEOSUBCOTX>
    <SEOSUBCOTX>
     <CMPNAME>CREATE_REPORT</CMPNAME>
     <SCONAME>R_RESULT</SCONAME>
     <LANGU>1</LANGU>
     <DESCRIPT>报表产品组件</DESCRIPT>
    </SEOSUBCOTX>
    <SEOSUBCOTX>
     <CMPNAME>CREATE_REPORT</CMPNAME>
     <SCONAME>ZCX_LZH_RPT</SCONAME>
     <LANGU>1</LANGU>
     <DESCRIPT>异常处理类</DESCRIPT>
    </SEOSUBCOTX>
    <SEOSUBCOTX>
     <CMPNAME>GET_PARAM_VALUE</CMPNAME>
     <SCONAME>NAME</SCONAME>
     <LANGU>1</LANGU>
     <DESCRIPT>参数名</DESCRIPT>
    </SEOSUBCOTX>
    <SEOSUBCOTX>
     <CMPNAME>GET_PARAM_VALUE</CMPNAME>
     <SCONAME>VALUE</SCONAME>
     <LANGU>1</LANGU>
     <DESCRIPT>值</DESCRIPT>
    </SEOSUBCOTX>
    <SEOSUBCOTX>
     <CMPNAME>GET_SEO_COMPONENT</CMPNAME>
     <SCONAME>CLASSNAME</SCONAME>
     <LANGU>1</LANGU>
     <DESCRIPT>类/接口</DESCRIPT>
    </SEOSUBCOTX>
    <SEOSUBCOTX>
     <CMPNAME>GET_SEO_COMPONENT</CMPNAME>
     <SCONAME>SEOCOMP</SCONAME>
     <LANGU>1</LANGU>
     <DESCRIPT>组件</DESCRIPT>
    </SEOSUBCOTX>
    <SEOSUBCOTX>
     <CMPNAME>INITIALIZATION</CMPNAME>
     <SCONAME>CS_SSCRFIELDS</SCONAME>
     <LANGU>1</LANGU>
     <DESCRIPT>选择屏幕上的字段</DESCRIPT>
    </SEOSUBCOTX>
    <SEOSUBCOTX>
     <CMPNAME>INITIALIZATION</CMPNAME>
     <SCONAME>DYNAME</SCONAME>
     <LANGU>1</LANGU>
     <DESCRIPT>选择屏幕程序</DESCRIPT>
    </SEOSUBCOTX>
    <SEOSUBCOTX>
     <CMPNAME>INITIALIZATION</CMPNAME>
     <SCONAME>DYNNR</SCONAME>
     <LANGU>1</LANGU>
     <DESCRIPT>屏幕编号</DESCRIPT>
    </SEOSUBCOTX>
    <SEOSUBCOTX>
     <CMPNAME>INITIALIZATION</CMPNAME>
     <SCONAME>REPID</SCONAME>
     <LANGU>1</LANGU>
     <DESCRIPT>执行程序</DESCRIPT>
    </SEOSUBCOTX>
    <SEOSUBCOTX>
     <CMPNAME>INITIALIZATION</CMPNAME>
     <SCONAME>RPTID</SCONAME>
     <LANGU>1</LANGU>
     <DESCRIPT>报表ID</DESCRIPT>
    </SEOSUBCOTX>
    <SEOSUBCOTX>
     <CMPNAME>INITIALIZATION</CMPNAME>
     <SCONAME>ZCX_LZH_RPT</SCONAME>
     <LANGU>1</LANGU>
     <DESCRIPT>异常处理类</DESCRIPT>
    </SEOSUBCOTX>
    <SEOSUBCOTX>
     <CMPNAME>SELSCREN_ELEMENT_READ</CMPNAME>
     <SCONAME>FACTORY</SCONAME>
     <LANGU>1</LANGU>
     <DESCRIPT>报表工厂类</DESCRIPT>
    </SEOSUBCOTX>
    <SEOSUBCOTX>
     <CMPNAME>SELSCREN_ELEMENT_READ</CMPNAME>
     <SCONAME>REPID</SCONAME>
     <LANGU>1</LANGU>
     <DESCRIPT>调用程序</DESCRIPT>
    </SEOSUBCOTX>
    <SEOSUBCOTX>
     <CMPNAME>SELSCREN_ELEMENT_READ</CMPNAME>
     <SCONAME>REPORT</SCONAME>
     <LANGU>1</LANGU>
     <DESCRIPT>报表产品组件</DESCRIPT>
    </SEOSUBCOTX>
    <SEOSUBCOTX>
     <CMPNAME>SEO_STARTUP</CMPNAME>
     <SCONAME>CLASSNAME</SCONAME>
     <LANGU>1</LANGU>
     <DESCRIPT>类/接口</DESCRIPT>
    </SEOSUBCOTX>
    <SEOSUBCOTX>
     <CMPNAME>SEO_STARTUP</CMPNAME>
     <SCONAME>ZCX_LZH_RPT</SCONAME>
     <LANGU>1</LANGU>
     <DESCRIPT>异常处理类</DESCRIPT>
    </SEOSUBCOTX>
    <SEOSUBCOTX>
     <CMPNAME>START_REPORT</CMPNAME>
     <SCONAME>RPTID</SCONAME>
     <LANGU>1</LANGU>
     <DESCRIPT>报表ID</DESCRIPT>
    </SEOSUBCOTX>
    <SEOSUBCOTX>
     <CMPNAME>USER_COMMAND</CMPNAME>
     <SCONAME>UCOMM</SCONAME>
     <LANGU>1</LANGU>
     <DESCRIPT>功能代码</DESCRIPT>
    </SEOSUBCOTX>
    <SEOSUBCOTX>
     <CMPNAME>VALUE_REQUEST</CMPNAME>
     <SCONAME>PARANAME</SCONAME>
     <LANGU>1</LANGU>
     <DESCRIPT>参数名</DESCRIPT>
    </SEOSUBCOTX>
    <SEOSUBCOTX>
     <CMPNAME>VALUE_REQUEST</CMPNAME>
     <SCONAME>PARAVALUE</SCONAME>
     <LANGU>1</LANGU>
     <DESCRIPT>值</DESCRIPT>
    </SEOSUBCOTX>
   </DESCRIPTIONS_SUB>
  </asx:values>
 </asx:abap>
</abapGit>
