﻿<?xml version="1.0" encoding="utf-8"?>
<abapGit version="v1.0.0" serializer="LCL_OBJECT_CLAS" serializer_version="v1.0.0">
 <asx:abap xmlns:asx="http://www.sap.com/abapxml" version="1.0">
  <asx:values>
   <VSEOCLASS>
    <CLSNAME>ZCL_LZH_RPT_MESSAGE</CLSNAME>
    <LANGU>1</LANGU>
    <DESCRIPT>Message Convert</DESCRIPT>
    <STATE>1</STATE>
    <CLSCCINCL>X</CLSCCINCL>
    <FIXPT>X</FIXPT>
    <UNICODE>X</UNICODE>
   </VSEOCLASS>
   <TPOOL>
    <item>
     <ID>I</ID>
     <KEY>C01</KEY>
     <ENTRY>状态</ENTRY>
     <LENGTH>12</LENGTH>
    </item>
    <item>
     <ID>I</ID>
     <KEY>C02</KEY>
     <ENTRY>消息号</ENTRY>
     <LENGTH>13</LENGTH>
    </item>
    <item>
     <ID>I</ID>
     <KEY>C03</KEY>
     <ENTRY>消息文本</ENTRY>
     <LENGTH>14</LENGTH>
    </item>
   </TPOOL>
   <DESCRIPTIONS>
    <SEOCOMPOTX>
     <CMPNAME>CONVERT_BAPIRET2_TO_MESSAGE</CMPNAME>
     <LANGU>1</LANGU>
     <DESCRIPT>将BAPI Return转换成消息文本</DESCRIPT>
    </SEOCOMPOTX>
    <SEOCOMPOTX>
     <CMPNAME>CONVERT_MESSAGE_TO_BAPIRET2</CMPNAME>
     <LANGU>1</LANGU>
     <DESCRIPT>将消息文本转换成BAPI Return</DESCRIPT>
    </SEOCOMPOTX>
    <SEOCOMPOTX>
     <CMPNAME>CONVERT_RETURNTAB_TO_MESSAGE</CMPNAME>
     <LANGU>1</LANGU>
     <DESCRIPT>将BAPI Return Tab转换成消息文本</DESCRIPT>
    </SEOCOMPOTX>
    <SEOCOMPOTX>
     <CMPNAME>CONVERT_SYST_TO_BAPIRET2</CMPNAME>
     <LANGU>1</LANGU>
     <DESCRIPT>将系统消息转换成BAPI Return</DESCRIPT>
    </SEOCOMPOTX>
    <SEOCOMPOTX>
     <CMPNAME>CONVERT_SYST_TO_MESSAGE</CMPNAME>
     <LANGU>1</LANGU>
     <DESCRIPT>将系统消息转换成BAPI Return</DESCRIPT>
    </SEOCOMPOTX>
    <SEOCOMPOTX>
     <CMPNAME>CONVERT_SYST_TO_MESSAGE2</CMPNAME>
     <LANGU>1</LANGU>
     <DESCRIPT>将系统消息转换成BAPI Return</DESCRIPT>
    </SEOCOMPOTX>
    <SEOCOMPOTX>
     <CMPNAME>GET_ICON</CMPNAME>
     <LANGU>1</LANGU>
     <DESCRIPT>获取图标</DESCRIPT>
    </SEOCOMPOTX>
    <SEOCOMPOTX>
     <CMPNAME>SHOW_RETURN</CMPNAME>
     <LANGU>1</LANGU>
     <DESCRIPT>显示BAPI Return</DESCRIPT>
    </SEOCOMPOTX>
   </DESCRIPTIONS>
   <DESCRIPTIONS_SUB>
    <SEOSUBCOTX>
     <CMPNAME>CONVERT_BAPIRET2_TO_MESSAGE</CMPNAME>
     <SCONAME>EV_ICON</SCONAME>
     <LANGU>1</LANGU>
     <DESCRIPT>文本字段中的图标（替换显示，别名）</DESCRIPT>
    </SEOSUBCOTX>
    <SEOSUBCOTX>
     <CMPNAME>CONVERT_BAPIRET2_TO_MESSAGE</CMPNAME>
     <SCONAME>EV_MESSAGE</SCONAME>
     <LANGU>1</LANGU>
     <DESCRIPT>消息文本</DESCRIPT>
    </SEOSUBCOTX>
    <SEOSUBCOTX>
     <CMPNAME>CONVERT_BAPIRET2_TO_MESSAGE</CMPNAME>
     <SCONAME>EV_TYPE</SCONAME>
     <LANGU>1</LANGU>
     <DESCRIPT>消息类型: S 成功,E 错误,W 警告,I 信息,A 中断</DESCRIPT>
    </SEOSUBCOTX>
    <SEOSUBCOTX>
     <CMPNAME>CONVERT_BAPIRET2_TO_MESSAGE</CMPNAME>
     <SCONAME>IS_RETURN</SCONAME>
     <LANGU>1</LANGU>
     <DESCRIPT>返回参数</DESCRIPT>
    </SEOSUBCOTX>
    <SEOSUBCOTX>
     <CMPNAME>CONVERT_MESSAGE_TO_BAPIRET2</CMPNAME>
     <SCONAME>IV_ID</SCONAME>
     <LANGU>1</LANGU>
     <DESCRIPT>消息识别</DESCRIPT>
    </SEOSUBCOTX>
    <SEOSUBCOTX>
     <CMPNAME>CONVERT_MESSAGE_TO_BAPIRET2</CMPNAME>
     <SCONAME>IV_MESSAGE</SCONAME>
     <LANGU>1</LANGU>
     <DESCRIPT>消息文本</DESCRIPT>
    </SEOSUBCOTX>
    <SEOSUBCOTX>
     <CMPNAME>CONVERT_MESSAGE_TO_BAPIRET2</CMPNAME>
     <SCONAME>IV_NUMBER</SCONAME>
     <LANGU>1</LANGU>
     <DESCRIPT>系统消息编号</DESCRIPT>
    </SEOSUBCOTX>
    <SEOSUBCOTX>
     <CMPNAME>CONVERT_MESSAGE_TO_BAPIRET2</CMPNAME>
     <SCONAME>IV_TYPE</SCONAME>
     <LANGU>1</LANGU>
     <DESCRIPT>消息类型: S 成功,E 错误,W 警告,I 信息,A 中断</DESCRIPT>
    </SEOSUBCOTX>
    <SEOSUBCOTX>
     <CMPNAME>CONVERT_MESSAGE_TO_BAPIRET2</CMPNAME>
     <SCONAME>RS_RETURN</SCONAME>
     <LANGU>1</LANGU>
     <DESCRIPT>返回参数</DESCRIPT>
    </SEOSUBCOTX>
    <SEOSUBCOTX>
     <CMPNAME>CONVERT_RETURNTAB_TO_MESSAGE</CMPNAME>
     <SCONAME>EV_ICON</SCONAME>
     <LANGU>1</LANGU>
     <DESCRIPT>文本字段中的图标（替换显示，别名）</DESCRIPT>
    </SEOSUBCOTX>
    <SEOSUBCOTX>
     <CMPNAME>CONVERT_RETURNTAB_TO_MESSAGE</CMPNAME>
     <SCONAME>EV_MESSAGE</SCONAME>
     <LANGU>1</LANGU>
     <DESCRIPT>消息文本</DESCRIPT>
    </SEOSUBCOTX>
    <SEOSUBCOTX>
     <CMPNAME>CONVERT_RETURNTAB_TO_MESSAGE</CMPNAME>
     <SCONAME>EV_TYPE</SCONAME>
     <LANGU>1</LANGU>
     <DESCRIPT>消息类型: S 成功,E 错误,W 警告,I 信息,A 中断</DESCRIPT>
    </SEOSUBCOTX>
    <SEOSUBCOTX>
     <CMPNAME>CONVERT_RETURNTAB_TO_MESSAGE</CMPNAME>
     <SCONAME>IT_RETURN</SCONAME>
     <LANGU>1</LANGU>
     <DESCRIPT>Return table</DESCRIPT>
    </SEOSUBCOTX>
    <SEOSUBCOTX>
     <CMPNAME>CONVERT_SYST_TO_BAPIRET2</CMPNAME>
     <SCONAME>RS_RETURN</SCONAME>
     <LANGU>1</LANGU>
     <DESCRIPT>返回参数</DESCRIPT>
    </SEOSUBCOTX>
    <SEOSUBCOTX>
     <CMPNAME>CONVERT_SYST_TO_MESSAGE</CMPNAME>
     <SCONAME>IS_SYST</SCONAME>
     <LANGU>1</LANGU>
     <DESCRIPT>ABAP 系统字段</DESCRIPT>
    </SEOSUBCOTX>
    <SEOSUBCOTX>
     <CMPNAME>CONVERT_SYST_TO_MESSAGE</CMPNAME>
     <SCONAME>RV_MESSAGE</SCONAME>
     <LANGU>1</LANGU>
     <DESCRIPT>消息文本</DESCRIPT>
    </SEOSUBCOTX>
    <SEOSUBCOTX>
     <CMPNAME>GET_ICON</CMPNAME>
     <SCONAME>IV_TYPE</SCONAME>
     <LANGU>1</LANGU>
     <DESCRIPT>消息类型: S 成功,E 错误,W 警告,I 信息,A 中断</DESCRIPT>
    </SEOSUBCOTX>
    <SEOSUBCOTX>
     <CMPNAME>GET_ICON</CMPNAME>
     <SCONAME>RV_ICON</SCONAME>
     <LANGU>1</LANGU>
     <DESCRIPT>文本字段中的图标（替换显示，别名）</DESCRIPT>
    </SEOSUBCOTX>
    <SEOSUBCOTX>
     <CMPNAME>SHOW_RETURN</CMPNAME>
     <SCONAME>IT_RETURN</SCONAME>
     <LANGU>1</LANGU>
     <DESCRIPT>Return table</DESCRIPT>
    </SEOSUBCOTX>
   </DESCRIPTIONS_SUB>
  </asx:values>
 </asx:abap>
</abapGit>
