﻿<?xml version="1.0" encoding="utf-8"?>
<abapGit version="v1.0.0" serializer="LCL_OBJECT_CLAS" serializer_version="v1.0.0">
 <asx:abap xmlns:asx="http://www.sap.com/abapxml" version="1.0">
  <asx:values>
   <VSEOCLASS>
    <CLSNAME>ZCX_LZH_RPT</CLSNAME>
    <LANGU>1</LANGU>
    <DESCRIPT>异常处理类</DESCRIPT>
    <CATEGORY>40</CATEGORY>
    <STATE>1</STATE>
    <CLSCCINCL>X</CLSCCINCL>
    <FIXPT>X</FIXPT>
    <UNICODE>X</UNICODE>
   </VSEOCLASS>
   <SOTR>
    <item>
     <HEADER>
      <CONCEPT>FA163E23BAD51EEE9FD2FA4017898E9E</CONCEPT>
      <CREA_LAN>1</CREA_LAN>
      <TRALA_TYPE>1</TRALA_TYPE>
      <OBJID_VEC>CA==</OBJID_VEC>
     </HEADER>
     <ENTRIES>
      <SOTR_TEXT>
       <CONCEPT>FA163E23BAD51EEE9FD2FA4017898E9E</CONCEPT>
       <LANGU>1</LANGU>
       <LFD_NUM>0001</LFD_NUM>
       <FLAG_CNTXT>X</FLAG_CNTXT>
       <STATUS>R</STATUS>
       <LENGTH>255</LENGTH>
       <TEXT>出现异常。</TEXT>
      </SOTR_TEXT>
     </ENTRIES>
    </item>
   </SOTR>
   <SOTR_USE>
    <SOTR_USE>
     <PGMID>LIMU</PGMID>
     <OBJECT>CPUB</OBJECT>
     <OBJ_NAME>ZCX_LZH_RPT</OBJ_NAME>
     <CONCEPT>FA163E23BAD51EEE9FD2FA4017898E9E</CONCEPT>
     <LFD_NUM>0001</LFD_NUM>
    </SOTR_USE>
   </SOTR_USE>
   <SOTS_USE>
    <SOTR_USEU>
     <PGMID>LIMU</PGMID>
     <OBJECT>CPUB</OBJECT>
     <OBJ_NAME>ZCX_LZH_RPT</OBJ_NAME>
     <LFD_NUM>0001</LFD_NUM>
    </SOTR_USEU>
   </SOTS_USE>
  </asx:values>
 </asx:abap>
</abapGit>
