﻿<?xml version="1.0" encoding="utf-8"?>
<abapGit version="v1.0.0" serializer="LCL_OBJECT_INTF" serializer_version="v1.0.0">
 <asx:abap xmlns:asx="http://www.sap.com/abapxml" version="1.0">
  <asx:values>
   <VSEOINTERF>
    <CLSNAME>ZIF_LZH_RPT_SALV_EVENTS</CLSNAME>
    <LANGU>1</LANGU>
    <DESCRIPT>SALV事件处理</DESCRIPT>
    <EXPOSURE>2</EXPOSURE>
    <STATE>1</STATE>
    <UNICODE>X</UNICODE>
   </VSEOINTERF>
   <DESCRIPTIONS>
    <SEOCOMPOTX>
     <CMPNAME>ON_ADDED_FUNCTION</CMPNAME>
     <LANGU>1</LANGU>
     <DESCRIPT>自定义按钮事件处理</DESCRIPT>
    </SEOCOMPOTX>
    <SEOCOMPOTX>
     <CMPNAME>ON_AFTER_USER_COMMAND</CMPNAME>
     <LANGU>1</LANGU>
     <DESCRIPT>自动以功能按钮执行之后</DESCRIPT>
    </SEOCOMPOTX>
    <SEOCOMPOTX>
     <CMPNAME>ON_BEFORE_USER_COMMAND</CMPNAME>
     <LANGU>1</LANGU>
     <DESCRIPT>自动以功能按钮执行之前</DESCRIPT>
    </SEOCOMPOTX>
    <SEOCOMPOTX>
     <CMPNAME>ON_DOUBLE_CLICK</CMPNAME>
     <LANGU>1</LANGU>
     <DESCRIPT>双击事件处理</DESCRIPT>
    </SEOCOMPOTX>
    <SEOCOMPOTX>
     <CMPNAME>ON_LINK_CLICK</CMPNAME>
     <LANGU>1</LANGU>
     <DESCRIPT>单击事件处理</DESCRIPT>
    </SEOCOMPOTX>
   </DESCRIPTIONS>
  </asx:values>
 </asx:abap>
</abapGit>
