﻿<?xml version="1.0" encoding="utf-8"?>
<abapGit version="v1.0.0" serializer="LCL_OBJECT_INTF" serializer_version="v1.0.0">
 <asx:abap xmlns:asx="http://www.sap.com/abapxml" version="1.0">
  <asx:values>
   <VSEOINTERF>
    <CLSNAME>ZIF_LZH_RPT_FUNCTION_PRODUCT</CLSNAME>
    <LANGU>1</LANGU>
    <DESCRIPT>报表功能产品组件</DESCRIPT>
    <EXPOSURE>2</EXPOSURE>
    <STATE>1</STATE>
    <UNICODE>X</UNICODE>
   </VSEOINTERF>
   <DESCRIPTIONS>
    <SEOCOMPOTX>
     <CMPNAME>DETERMINE_ALV_DISPLAY</CMPNAME>
     <LANGU>1</LANGU>
     <DESCRIPT>确定是否需要显示ALV</DESCRIPT>
    </SEOCOMPOTX>
    <SEOCOMPOTX>
     <CMPNAME>DETERMINE_ALV_MODE</CMPNAME>
     <LANGU>1</LANGU>
     <DESCRIPT>确定ALV显示方式</DESCRIPT>
    </SEOCOMPOTX>
    <SEOCOMPOTX>
     <CMPNAME>GET_DATA</CMPNAME>
     <LANGU>1</LANGU>
     <DESCRIPT>取数</DESCRIPT>
    </SEOCOMPOTX>
    <SEOCOMPOTX>
     <CMPNAME>MR_REPORT</CMPNAME>
     <LANGU>1</LANGU>
     <DESCRIPT>报表对象</DESCRIPT>
    </SEOCOMPOTX>
    <SEOCOMPOTX>
     <CMPNAME>MS_FUNCTION</CMPNAME>
     <LANGU>1</LANGU>
     <DESCRIPT>报表功能</DESCRIPT>
    </SEOCOMPOTX>
    <SEOCOMPOTX>
     <CMPNAME>MT_DATA</CMPNAME>
     <LANGU>1</LANGU>
     <DESCRIPT>ALV显示的数据对象</DESCRIPT>
    </SEOCOMPOTX>
    <SEOCOMPOTX>
     <CMPNAME>MV_NO_ALV</CMPNAME>
     <LANGU>1</LANGU>
     <DESCRIPT>不显示ALV</DESCRIPT>
    </SEOCOMPOTX>
    <SEOCOMPOTX>
     <CMPNAME>PROCESS_DATA</CMPNAME>
     <LANGU>1</LANGU>
     <DESCRIPT>数据处理</DESCRIPT>
    </SEOCOMPOTX>
    <SEOCOMPOTX>
     <CMPNAME>SET_SALV</CMPNAME>
     <LANGU>1</LANGU>
     <DESCRIPT>设置ALV参数</DESCRIPT>
    </SEOCOMPOTX>
   </DESCRIPTIONS>
   <DESCRIPTIONS_SUB>
    <SEOSUBCOTX>
     <CMPNAME>DETERMINE_ALV_DISPLAY</CMPNAME>
     <SCONAME>RV_NO_ALV</SCONAME>
     <LANGU>1</LANGU>
     <DESCRIPT>不显示</DESCRIPT>
    </SEOSUBCOTX>
    <SEOSUBCOTX>
     <CMPNAME>DETERMINE_ALV_MODE</CMPNAME>
     <SCONAME>RV_MODE</SCONAME>
     <LANGU>1</LANGU>
     <DESCRIPT>SALV显示方式</DESCRIPT>
    </SEOSUBCOTX>
    <SEOSUBCOTX>
     <CMPNAME>SET_SALV</CMPNAME>
     <SCONAME>CS_LAYOUT</SCONAME>
     <LANGU>1</LANGU>
     <DESCRIPT>布局</DESCRIPT>
    </SEOSUBCOTX>
    <SEOSUBCOTX>
     <CMPNAME>SET_SALV</CMPNAME>
     <SCONAME>CS_VARIANT</SCONAME>
     <LANGU>1</LANGU>
     <DESCRIPT>变式</DESCRIPT>
    </SEOSUBCOTX>
    <SEOSUBCOTX>
     <CMPNAME>SET_SALV</CMPNAME>
     <SCONAME>CT_COLUMNS</SCONAME>
     <LANGU>1</LANGU>
     <DESCRIPT>字段目录</DESCRIPT>
    </SEOSUBCOTX>
    <SEOSUBCOTX>
     <CMPNAME>SET_SALV</CMPNAME>
     <SCONAME>CT_SORT</SCONAME>
     <LANGU>1</LANGU>
     <DESCRIPT>ALV 控制：排序标准表</DESCRIPT>
    </SEOSUBCOTX>
    <SEOSUBCOTX>
     <CMPNAME>SET_SALV</CMPNAME>
     <SCONAME>CT_TOOLBAR</SCONAME>
     <LANGU>1</LANGU>
     <DESCRIPT>工具栏按钮</DESCRIPT>
    </SEOSUBCOTX>
    <SEOSUBCOTX>
     <CMPNAME>SET_SALV</CMPNAME>
     <SCONAME>CT_TOOLBAR_EXCLUDING</SCONAME>
     <LANGU>1</LANGU>
     <DESCRIPT>排除功能代码</DESCRIPT>
    </SEOSUBCOTX>
    <SEOSUBCOTX>
     <CMPNAME>SET_SALV</CMPNAME>
     <SCONAME>CV_COLUMNS_CHGIND</SCONAME>
     <LANGU>1</LANGU>
     <DESCRIPT>字段目录更改类型</DESCRIPT>
    </SEOSUBCOTX>
    <SEOSUBCOTX>
     <CMPNAME>SET_SALV</CMPNAME>
     <SCONAME>CV_TITLE</SCONAME>
     <LANGU>1</LANGU>
     <DESCRIPT>标题</DESCRIPT>
    </SEOSUBCOTX>
   </DESCRIPTIONS_SUB>
  </asx:values>
 </asx:abap>
</abapGit>
