﻿<?xml version="1.0" encoding="utf-8"?>
<abapGit version="v1.0.0" serializer="LCL_OBJECT_INTF" serializer_version="v1.0.0">
 <asx:abap xmlns:asx="http://www.sap.com/abapxml" version="1.0">
  <asx:values>
   <VSEOINTERF>
    <CLSNAME>ZIF_LZH_RPT_REPORT_PRODUCT</CLSNAME>
    <LANGU>1</LANGU>
    <DESCRIPT>报表产品组件</DESCRIPT>
    <EXPOSURE>2</EXPOSURE>
    <STATE>1</STATE>
    <UNICODE>X</UNICODE>
   </VSEOINTERF>
   <DESCRIPTIONS>
    <SEOCOMPOTX>
     <CMPNAME>DERIVE_FUNCTION</CMPNAME>
     <LANGU>1</LANGU>
     <DESCRIPT>确定执行的功能</DESCRIPT>
    </SEOCOMPOTX>
    <SEOCOMPOTX>
     <CMPNAME>GET_ACTUAL_PARAMS_NAME</CMPNAME>
     <LANGU>1</LANGU>
     <DESCRIPT> 返回报表选择屏幕的实际参数的名称</DESCRIPT>
    </SEOCOMPOTX>
    <SEOCOMPOTX>
     <CMPNAME>INITIALIZATION</CMPNAME>
     <LANGU>1</LANGU>
     <DESCRIPT>初始化</DESCRIPT>
    </SEOCOMPOTX>
    <SEOCOMPOTX>
     <CMPNAME>MODIFY_SCREEN</CMPNAME>
     <LANGU>1</LANGU>
     <DESCRIPT>修改屏幕</DESCRIPT>
    </SEOCOMPOTX>
    <SEOCOMPOTX>
     <CMPNAME>MS_FUNCTION</CMPNAME>
     <LANGU>1</LANGU>
     <DESCRIPT>报表功能配置</DESCRIPT>
    </SEOCOMPOTX>
    <SEOCOMPOTX>
     <CMPNAME>MS_REPORT</CMPNAME>
     <LANGU>1</LANGU>
     <DESCRIPT>报表配置</DESCRIPT>
    </SEOCOMPOTX>
    <SEOCOMPOTX>
     <CMPNAME>MT_FUNCTION</CMPNAME>
     <LANGU>1</LANGU>
     <DESCRIPT>报表功能配置</DESCRIPT>
    </SEOCOMPOTX>
    <SEOCOMPOTX>
     <CMPNAME>MT_PARAMS</CMPNAME>
     <LANGU>1</LANGU>
     <DESCRIPT>根据选择屏幕元素创建的动态数据对象</DESCRIPT>
    </SEOCOMPOTX>
    <SEOCOMPOTX>
     <CMPNAME>MV_FUNCTION</CMPNAME>
     <LANGU>1</LANGU>
     <DESCRIPT>功能编号</DESCRIPT>
    </SEOCOMPOTX>
    <SEOCOMPOTX>
     <CMPNAME>USER_COMMAND</CMPNAME>
     <LANGU>1</LANGU>
     <DESCRIPT>按钮事件</DESCRIPT>
    </SEOCOMPOTX>
    <SEOCOMPOTX>
     <CMPNAME>VALUE_REQUEST</CMPNAME>
     <LANGU>1</LANGU>
     <DESCRIPT>输入帮助</DESCRIPT>
    </SEOCOMPOTX>
   </DESCRIPTIONS>
   <DESCRIPTIONS_SUB>
    <SEOSUBCOTX>
     <CMPNAME>DERIVE_FUNCTION</CMPNAME>
     <SCONAME>FUNCTION</SCONAME>
     <LANGU>1</LANGU>
     <DESCRIPT>功能编号</DESCRIPT>
    </SEOSUBCOTX>
    <SEOSUBCOTX>
     <CMPNAME>GET_ACTUAL_PARAMS_NAME</CMPNAME>
     <SCONAME>RV_PARAMS_NAME</SCONAME>
     <LANGU>1</LANGU>
     <DESCRIPT>参数名</DESCRIPT>
    </SEOSUBCOTX>
    <SEOSUBCOTX>
     <CMPNAME>USER_COMMAND</CMPNAME>
     <SCONAME>UCOMM</SCONAME>
     <LANGU>1</LANGU>
     <DESCRIPT>功能代码</DESCRIPT>
    </SEOSUBCOTX>
    <SEOSUBCOTX>
     <CMPNAME>VALUE_REQUEST</CMPNAME>
     <SCONAME>PARANAME</SCONAME>
     <LANGU>1</LANGU>
     <DESCRIPT>参数名</DESCRIPT>
    </SEOSUBCOTX>
    <SEOSUBCOTX>
     <CMPNAME>VALUE_REQUEST</CMPNAME>
     <SCONAME>PARAVALUE</SCONAME>
     <LANGU>1</LANGU>
     <DESCRIPT>参数值</DESCRIPT>
    </SEOSUBCOTX>
   </DESCRIPTIONS_SUB>
  </asx:values>
 </asx:abap>
</abapGit>
