﻿<?xml version="1.0" encoding="utf-8"?>
<abapGit version="v1.0.0" serializer="LCL_OBJECT_TABL" serializer_version="v1.0.0">
 <asx:abap xmlns:asx="http://www.sap.com/abapxml" version="1.0">
  <asx:values>
   <DD02V>
    <TABNAME>ZLZH_RPT_01</TABNAME>
    <DDLANGUAGE>1</DDLANGUAGE>
    <TABCLASS>TRANSP</TABCLASS>
    <DDTEXT>报表配置</DDTEXT>
    <MASTERLANG>1</MASTERLANG>
    <MAINFLAG>X</MAINFLAG>
    <CONTFLAG>C</CONTFLAG>
    <EXCLASS>3</EXCLASS>
   </DD02V>
   <DD09L>
    <TABNAME>ZLZH_RPT_01</TABNAME>
    <AS4LOCAL>A</AS4LOCAL>
    <TABKAT>1</TABKAT>
    <TABART>APPL0</TABART>
    <BUFALLOW>N</BUFALLOW>
   </DD09L>
   <DD03P_TABLE>
    <DD03P>
     <FIELDNAME>RPTID</FIELDNAME>
     <KEYFLAG>X</KEYFLAG>
     <ROLLNAME>ZLZH_RPT_RPTID</ROLLNAME>
     <ADMINFIELD>0</ADMINFIELD>
     <NOTNULL>X</NOTNULL>
     <SHLPORIGIN>D</SHLPORIGIN>
     <COMPTYPE>E</COMPTYPE>
    </DD03P>
    <DD03P>
     <FIELDNAME>RPTXT</FIELDNAME>
     <ROLLNAME>ZLZH_RPT_RPTXT</ROLLNAME>
     <ADMINFIELD>0</ADMINFIELD>
     <COMPTYPE>E</COMPTYPE>
    </DD03P>
    <DD03P>
     <FIELDNAME>CLASSNAME</FIELDNAME>
     <ROLLNAME>CLASSNAME</ROLLNAME>
     <ADMINFIELD>0</ADMINFIELD>
     <SHLPORIGIN>X</SHLPORIGIN>
     <COMPTYPE>E</COMPTYPE>
    </DD03P>
    <DD03P>
     <FIELDNAME>TCODE</FIELDNAME>
     <ROLLNAME>TCODE</ROLLNAME>
     <ADMINFIELD>0</ADMINFIELD>
     <COMPTYPE>E</COMPTYPE>
    </DD03P>
    <DD03P>
     <FIELDNAME>DYNAME</FIELDNAME>
     <ROLLNAME>ZLZH_RPT_DYNAME</ROLLNAME>
     <ADMINFIELD>0</ADMINFIELD>
     <COMPTYPE>E</COMPTYPE>
    </DD03P>
    <DD03P>
     <FIELDNAME>DYNNR</FIELDNAME>
     <ROLLNAME>ZLZH_RPT_DYNNR</ROLLNAME>
     <ADMINFIELD>0</ADMINFIELD>
     <COMPTYPE>E</COMPTYPE>
    </DD03P>
   </DD03P_TABLE>
   <DD35V_TALE>
    <DD35V>
     <FIELDNAME>CLASSNAME</FIELDNAME>
     <SHLPNAME>ZLZH_RPT_SH_REPORT_CLASSNAME</SHLPNAME>
    </DD35V>
   </DD35V_TALE>
   <DD36M>
    <DD36M>
     <FIELDNAME>CLASSNAME</FIELDNAME>
     <SHLPNAME>ZLZH_RPT_SH_REPORT_CLASSNAME</SHLPNAME>
     <SHLPFIELD>CLSNAME</SHLPFIELD>
     <FLPOSITION>0001</FLPOSITION>
     <SHTABLE>ZLZH_RPT_01</SHTABLE>
     <SHFIELD>CLASSNAME</SHFIELD>
     <SHLPINPUT>X</SHLPINPUT>
     <SHLPOUTPUT>X</SHLPOUTPUT>
     <ROLLNAME>SEOCLSNAME</ROLLNAME>
     <DOMNAME>SEOCLSNAME</DOMNAME>
     <DATATYPE>CHAR</DATATYPE>
     <LENG>000030</LENG>
    </DD36M>
    <DD36M>
     <FIELDNAME>CLASSNAME</FIELDNAME>
     <SHLPNAME>ZLZH_RPT_SH_REPORT_CLASSNAME</SHLPNAME>
     <SHLPFIELD>DESCRIPT</SHLPFIELD>
     <FLPOSITION>0002</FLPOSITION>
     <SHTYPE>G</SHTYPE>
     <SHLPINPUT>X</SHLPINPUT>
     <SHLPOUTPUT>X</SHLPOUTPUT>
     <ROLLNAME>SEODESCR</ROLLNAME>
     <DOMNAME>AS4TEXT</DOMNAME>
     <DATATYPE>CHAR</DATATYPE>
     <LENG>000060</LENG>
    </DD36M>
   </DD36M>
  </asx:values>
 </asx:abap>
</abapGit>
