﻿<?xml version="1.0" encoding="utf-8"?>
<abapGit version="v1.0.0" serializer="LCL_OBJECT_TABL" serializer_version="v1.0.0">
 <asx:abap xmlns:asx="http://www.sap.com/abapxml" version="1.0">
  <asx:values>
   <DD02V>
    <TABNAME>ZLZH_RPT_SELSCREEN_PARAMS</TABNAME>
    <DDLANGUAGE>1</DDLANGUAGE>
    <TABCLASS>INTTAB</TABCLASS>
    <LANGDEP>X</LANGDEP>
    <DDTEXT>选择屏幕参数</DDTEXT>
    <MASTERLANG>1</MASTERLANG>
    <EXCLASS>1</EXCLASS>
   </DD02V>
   <DD03P_TABLE>
    <DD03P>
     <FIELDNAME>.INCLUDE</FIELDNAME>
     <ADMINFIELD>0</ADMINFIELD>
     <PRECFIELD>RSEL_INFO</PRECFIELD>
     <MASK>      S</MASK>
     <DDTEXT>传送结构，关于报告选择的信息</DDTEXT>
     <COMPTYPE>S</COMPTYPE>
    </DD03P>
    <DD03P>
     <FIELDNAME>DATA</FIELDNAME>
     <ROLLNAME>DATA</ROLLNAME>
     <ADMINFIELD>0</ADMINFIELD>
     <DATATYPE>REF</DATATYPE>
     <MASK>  REF RD</MASK>
     <COMPTYPE>R</COMPTYPE>
     <REFTYPE>D</REFTYPE>
    </DD03P>
   </DD03P_TABLE>
  </asx:values>
 </asx:abap>
</abapGit>
