﻿<?xml version="1.0" encoding="utf-8"?>
<abapGit version="v1.0.0" serializer="LCL_OBJECT_VIEW" serializer_version="v1.0.0">
 <asx:abap xmlns:asx="http://www.sap.com/abapxml" version="1.0">
  <asx:values>
   <DD25V>
    <VIEWNAME>ZLZH_RPT_V_01</VIEWNAME>
    <AS4LOCAL>A</AS4LOCAL>
    <DDLANGUAGE>1</DDLANGUAGE>
    <AGGTYPE>V</AGGTYPE>
    <ROOTTAB>ZLZH_RPT_01</ROOTTAB>
    <DDTEXT>报表配置</DDTEXT>
    <VIEWCLASS>C</VIEWCLASS>
    <CUSTOMAUTH>C</CUSTOMAUTH>
    <GLOBALFLAG>X</GLOBALFLAG>
   </DD25V>
   <DD26V_TABLE>
    <DD26V>
     <VIEWNAME>ZLZH_RPT_V_01</VIEWNAME>
     <TABNAME>ZLZH_RPT_01</TABNAME>
     <TABPOS>0001</TABPOS>
     <FORTABNAME>ZLZH_RPT_01</FORTABNAME>
    </DD26V>
   </DD26V_TABLE>
   <DD27P_TABLE>
    <DD27P>
     <VIEWFIELD>RPTID</VIEWFIELD>
     <TABNAME>ZLZH_RPT_01</TABNAME>
     <FIELDNAME>RPTID</FIELDNAME>
     <KEYFLAG>X</KEYFLAG>
     <SHLPORIGIN>D</SHLPORIGIN>
     <SHLPNAME>ZLZH_RPT_SH_REPORT</SHLPNAME>
     <SHLPFIELD>RPTID</SHLPFIELD>
     <LOGFLAG>X</LOGFLAG>
    </DD27P>
    <DD27P>
     <VIEWFIELD>RPTXT</VIEWFIELD>
     <TABNAME>ZLZH_RPT_01</TABNAME>
     <FIELDNAME>RPTXT</FIELDNAME>
     <LOGFLAG>X</LOGFLAG>
    </DD27P>
    <DD27P>
     <VIEWFIELD>CLASSNAME</VIEWFIELD>
     <TABNAME>ZLZH_RPT_01</TABNAME>
     <FIELDNAME>CLASSNAME</FIELDNAME>
     <SHLPORIGIN>X</SHLPORIGIN>
    </DD27P>
    <DD27P>
     <VIEWFIELD>TCODE</VIEWFIELD>
     <TABNAME>ZLZH_RPT_01</TABNAME>
     <FIELDNAME>TCODE</FIELDNAME>
    </DD27P>
    <DD27P>
     <VIEWFIELD>DYNAME</VIEWFIELD>
     <TABNAME>ZLZH_RPT_01</TABNAME>
     <FIELDNAME>DYNAME</FIELDNAME>
    </DD27P>
    <DD27P>
     <VIEWFIELD>DYNNR</VIEWFIELD>
     <TABNAME>ZLZH_RPT_01</TABNAME>
     <FIELDNAME>DYNNR</FIELDNAME>
     <LOGFLAG>X</LOGFLAG>
    </DD27P>
   </DD27P_TABLE>
  </asx:values>
 </asx:abap>
</abapGit>
