﻿<?xml version="1.0" encoding="utf-8"?>
<abapGit version="v1.0.0" serializer="LCL_OBJECT_VIEW" serializer_version="v1.0.0">
 <asx:abap xmlns:asx="http://www.sap.com/abapxml" version="1.0">
  <asx:values>
   <DD25V>
    <VIEWNAME>ZLZH_RPT_V_02</VIEWNAME>
    <AS4LOCAL>A</AS4LOCAL>
    <DDLANGUAGE>1</DDLANGUAGE>
    <AGGTYPE>V</AGGTYPE>
    <ROOTTAB>ZLZH_RPT_02</ROOTTAB>
    <DDTEXT>报表功能维护</DDTEXT>
    <VIEWCLASS>C</VIEWCLASS>
    <CUSTOMAUTH>C</CUSTOMAUTH>
    <GLOBALFLAG>X</GLOBALFLAG>
   </DD25V>
   <DD26V_TABLE>
    <DD26V>
     <VIEWNAME>ZLZH_RPT_V_02</VIEWNAME>
     <TABNAME>ZLZH_RPT_02</TABNAME>
     <TABPOS>0001</TABPOS>
     <FORTABNAME>ZLZH_RPT_02</FORTABNAME>
    </DD26V>
    <DD26V>
     <VIEWNAME>ZLZH_RPT_V_02</VIEWNAME>
     <TABNAME>ZLZH_RPT_01</TABNAME>
     <TABPOS>0002</TABPOS>
     <FORTABNAME>ZLZH_RPT_02</FORTABNAME>
     <FORFIELD>RPTID</FORFIELD>
     <FORDIR>E</FORDIR>
    </DD26V>
   </DD26V_TABLE>
   <DD27P_TABLE>
    <DD27P>
     <VIEWFIELD>RPTID</VIEWFIELD>
     <TABNAME>ZLZH_RPT_02</TABNAME>
     <FIELDNAME>RPTID</FIELDNAME>
     <KEYFLAG>X</KEYFLAG>
     <RDONLY>S</RDONLY>
     <CHECKTABLE>ZLZH_RPT_01</CHECKTABLE>
     <SHLPORIGIN>X</SHLPORIGIN>
     <SHLPNAME>ZLZH_RPT_SH_REPORT</SHLPNAME>
     <SHLPFIELD>RPTID</SHLPFIELD>
     <LOGFLAG>X</LOGFLAG>
    </DD27P>
    <DD27P>
     <VIEWFIELD>FUNCID</VIEWFIELD>
     <TABNAME>ZLZH_RPT_02</TABNAME>
     <FIELDNAME>FUNCID</FIELDNAME>
     <KEYFLAG>X</KEYFLAG>
     <LOGFLAG>X</LOGFLAG>
    </DD27P>
    <DD27P>
     <VIEWFIELD>FUNCTXT</VIEWFIELD>
     <TABNAME>ZLZH_RPT_02</TABNAME>
     <FIELDNAME>FUNCTXT</FIELDNAME>
    </DD27P>
    <DD27P>
     <VIEWFIELD>CLASSNAME</VIEWFIELD>
     <TABNAME>ZLZH_RPT_02</TABNAME>
     <FIELDNAME>CLASSNAME</FIELDNAME>
     <SHLPORIGIN>X</SHLPORIGIN>
    </DD27P>
    <DD27P>
     <VIEWFIELD>RPTXT</VIEWFIELD>
     <TABNAME>ZLZH_RPT_01</TABNAME>
     <FIELDNAME>RPTXT</FIELDNAME>
     <RDONLY>S</RDONLY>
     <LOGFLAG>X</LOGFLAG>
    </DD27P>
   </DD27P_TABLE>
   <DD28J_TABLE>
    <DD28J>
     <VIEWNAME>ZLZH_RPT_V_02</VIEWNAME>
     <LTAB>ZLZH_RPT_01</LTAB>
     <LFIELD>RPTID</LFIELD>
     <OPERATOR>EQ</OPERATOR>
     <RTAB>ZLZH_RPT_02</RTAB>
     <RFIELD>RPTID</RFIELD>
     <SOURCE>F</SOURCE>
     <FRKTAB>ZLZH_RPT_02</FRKTAB>
     <FRKFIELD>RPTID</FRKFIELD>
     <FRKDIR>E</FRKDIR>
    </DD28J>
   </DD28J_TABLE>
  </asx:values>
 </asx:abap>
</abapGit>
