﻿<?xml version="1.0" encoding="utf-8"?>
<abapGit version="v1.0.0" serializer="LCL_OBJECT_SHLP" serializer_version="v1.0.0">
 <asx:abap xmlns:asx="http://www.sap.com/abapxml" version="1.0">
  <asx:values>
   <DD30V>
    <SHLPNAME>ZLZH_RPT_SH_REPORT_CLASSNAME</SHLPNAME>
    <DDLANGUAGE>1</DDLANGUAGE>
    <DDTEXT>Report</DDTEXT>
    <ISSIMPLE>X</ISSIMPLE>
    <SELMETHOD>ZLZH_RPT_V_REPRT</SELMETHOD>
    <SELMTYPE>V</SELMTYPE>
    <DIALOGTYPE>D</DIALOGTYPE>
    <FUZZY_SIMILARITY>0.8</FUZZY_SIMILARITY>
   </DD30V>
   <DD32P_TABLE>
    <DD32P>
     <SHLPNAME>ZLZH_RPT_SH_REPORT_CLASSNAME</SHLPNAME>
     <FIELDNAME>CLSNAME</FIELDNAME>
     <FLPOSITION>0001</FLPOSITION>
     <ROLLNAME>SEOCLSNAME</ROLLNAME>
     <SHLPINPUT>X</SHLPINPUT>
     <SHLPOUTPUT>X</SHLPOUTPUT>
     <SHLPSELPOS>01</SHLPSELPOS>
     <SHLPLISPOS>01</SHLPLISPOS>
     <SCRLEN3>20</SCRLEN3>
    </DD32P>
    <DD32P>
     <SHLPNAME>ZLZH_RPT_SH_REPORT_CLASSNAME</SHLPNAME>
     <FIELDNAME>DESCRIPT</FIELDNAME>
     <FLPOSITION>0002</FLPOSITION>
     <ROLLNAME>SEODESCR</ROLLNAME>
     <SHLPINPUT>X</SHLPINPUT>
     <SHLPOUTPUT>X</SHLPOUTPUT>
     <SHLPSELPOS>02</SHLPSELPOS>
     <SHLPLISPOS>02</SHLPLISPOS>
     <SCRLEN3>20</SCRLEN3>
    </DD32P>
   </DD32P_TABLE>
  </asx:values>
 </asx:abap>
</abapGit>
