﻿<?xml version="1.0" encoding="utf-8"?>
<abapGit version="v1.0.0" serializer="LCL_OBJECT_PROG" serializer_version="v1.0.0">
 <asx:abap xmlns:asx="http://www.sap.com/abapxml" version="1.0">
  <asx:values>
   <PROGDIR>
    <NAME>ZLZH_RPT_02</NAME>
    <DBAPL>S</DBAPL>
    <SUBC>1</SUBC>
    <FIXPT>X</FIXPT>
    <LDBNAME>D$S</LDBNAME>
    <UCCHECK>X</UCCHECK>
   </PROGDIR>
   <TPOOL>
    <item>
     <ID>I</ID>
     <KEY>S01</KEY>
     <ENTRY>参数</ENTRY>
     <LENGTH>70</LENGTH>
    </item>
    <item>
     <ID>I</ID>
     <KEY>S02</KEY>
     <ENTRY>功能选择</ENTRY>
     <LENGTH>60</LENGTH>
    </item>
    <item>
     <ID>R</ID>
     <ENTRY>重新生成选择屏幕参数</ENTRY>
     <LENGTH>10</LENGTH>
    </item>
    <item>
     <ID>S</ID>
     <KEY>P_RPTID</KEY>
     <ENTRY>.</ENTRY>
     <LENGTH>12</LENGTH>
     <SPLIT>D</SPLIT>
    </item>
    <item>
     <ID>S</ID>
     <KEY>R_FUNC01</KEY>
     <ENTRY>生成产品类</ENTRY>
     <LENGTH>16</LENGTH>
    </item>
    <item>
     <ID>S</ID>
     <KEY>R_FUNC02</KEY>
     <ENTRY>更新选择屏幕参数</ENTRY>
     <LENGTH>16</LENGTH>
    </item>
    <item>
     <ID>S</ID>
     <KEY>S_CLSNAM</KEY>
     <ENTRY>.</ENTRY>
     <LENGTH>10</LENGTH>
     <SPLIT>D</SPLIT>
    </item>
   </TPOOL>
  </asx:values>
 </asx:abap>
</abapGit>
