﻿<?xml version="1.0" encoding="utf-8"?>
<abapGit version="v1.0.0" serializer="LCL_OBJECT_TOBJ" serializer_version="v1.0.0">
 <asx:abap xmlns:asx="http://www.sap.com/abapxml" version="1.0">
  <asx:values>
   <OBJH>
    <OBJECTNAME>ZLZH_RPT</OBJECTNAME>
    <OBJECTTYPE>C</OBJECTTYPE>
    <OBJCATEG>CUSY</OBJCATEG>
    <OBJTRANSP>2</OBJTRANSP>
    <IMPORTABLE>3</IMPORTABLE>
   </OBJH>
   <OBJT>
    <LANGUAGE>1</LANGUAGE>
    <OBJECTNAME>ZLZH_RPT</OBJECTNAME>
    <OBJECTTYPE>C</OBJECTTYPE>
    <DDTEXT>报表配置</DDTEXT>
   </OBJT>
   <OBJS>
    <OBJS>
     <OBJECTNAME>ZLZH_RPT</OBJECTNAME>
     <OBJECTTYPE>C</OBJECTTYPE>
     <TABNAME>ZLZH_RPT_V_01</TABNAME>
     <DDIC>X</DDIC>
    </OBJS>
    <OBJS>
     <OBJECTNAME>ZLZH_RPT</OBJECTNAME>
     <OBJECTTYPE>C</OBJECTTYPE>
     <TABNAME>ZLZH_RPT_V_02</TABNAME>
     <DDIC>X</DDIC>
    </OBJS>
   </OBJS>
  </asx:values>
 </asx:abap>
</abapGit>
