﻿<?xml version="1.0" encoding="utf-8"?>
<abapGit version="v1.0.0" serializer="LCL_OBJECT_VCLS" serializer_version="v1.0.0">
 <asx:abap xmlns:asx="http://www.sap.com/abapxml" version="1.0">
  <asx:values>
   <VCLDIR>
    <VCLNAME>ZLZH_RPT</VCLNAME>
    <TEXT>报表配置</TEXT>
   </VCLDIR>
   <VLCSTRUC_TAB>
    <V_VCLSTRUC>
     <VCLNAME>ZLZH_RPT</VCLNAME>
     <OBJECT>ZLZH_RPT_V_01</OBJECT>
     <OBJECTTEXT>报表配置</OBJECTTEXT>
     <PREDOBJECT>ZLZH_RPT_V_01</PREDOBJECT>
     <DEPENDENCY>R</DEPENDENCY>
     <OBJPOS>01</OBJPOS>
     <OBJLEVEL>01</OBJLEVEL>
     <STARTOBJ>X</STARTOBJ>
    </V_VCLSTRUC>
    <V_VCLSTRUC>
     <VCLNAME>ZLZH_RPT</VCLNAME>
     <OBJECT>ZLZH_RPT_V_02</OBJECT>
     <OBJECTTEXT>报表功能维护</OBJECTTEXT>
     <PREDOBJECT>ZLZH_RPT_V_01</PREDOBJECT>
     <DEPENDENCY>S</DEPENDENCY>
     <OBJPOS>02</OBJPOS>
     <OBJLEVEL>02</OBJLEVEL>
    </V_VCLSTRUC>
   </VLCSTRUC_TAB>
   <VCLSTRUDEP_TAB>
    <V_VCLSTDEP>
     <VCLNAME>ZLZH_RPT</VCLNAME>
     <OBJECT>ZLZH_RPT_V_01</OBJECT>
     <PREDOBJECT>ZLZH_RPT_V_01</PREDOBJECT>
    </V_VCLSTDEP>
    <V_VCLSTDEP>
     <VCLNAME>ZLZH_RPT</VCLNAME>
     <OBJECT>ZLZH_RPT_V_02</OBJECT>
     <OBJFIELD>RPTID</OBJFIELD>
     <PREDOBJECT>ZLZH_RPT_V_01</PREDOBJECT>
     <PREDFIELD>RPTID</PREDFIELD>
    </V_VCLSTDEP>
    <V_VCLSTDEP>
     <VCLNAME>ZLZH_RPT</VCLNAME>
     <OBJECT>ZLZH_RPT_V_02</OBJECT>
     <OBJFIELD>RPTXT</OBJFIELD>
     <PREDOBJECT>ZLZH_RPT_V_01</PREDOBJECT>
     <PREDFIELD>RPTXT</PREDFIELD>
     <NOKEYFIELD>S</NOKEYFIELD>
    </V_VCLSTDEP>
   </VCLSTRUDEP_TAB>
  </asx:values>
 </asx:abap>
</abapGit>
