﻿<?xml version="1.0" encoding="utf-8"?>
<abapGit version="v1.0.0" serializer="LCL_OBJECT_VIEW" serializer_version="v1.0.0">
 <asx:abap xmlns:asx="http://www.sap.com/abapxml" version="1.0">
  <asx:values>
   <DD25V>
    <VIEWNAME>ZLZH_RPT_V_NODE</VIEWNAME>
    <AS4LOCAL>A</AS4LOCAL>
    <DDLANGUAGE>1</DDLANGUAGE>
    <AGGTYPE>V</AGGTYPE>
    <ROOTTAB>ZLZH_RPT_NODE</ROOTTAB>
    <DDTEXT>菜单节点配置</DDTEXT>
    <VIEWCLASS>C</VIEWCLASS>
    <CUSTOMAUTH>C</CUSTOMAUTH>
    <GLOBALFLAG>X</GLOBALFLAG>
   </DD25V>
   <DD26V_TABLE>
    <DD26V>
     <VIEWNAME>ZLZH_RPT_V_NODE</VIEWNAME>
     <TABNAME>ZLZH_RPT_NODE</TABNAME>
     <TABPOS>0001</TABPOS>
     <FORTABNAME>ZLZH_RPT_NODE</FORTABNAME>
    </DD26V>
   </DD26V_TABLE>
   <DD27P_TABLE>
    <DD27P>
     <VIEWFIELD>NODEID</VIEWFIELD>
     <TABNAME>ZLZH_RPT_NODE</TABNAME>
     <FIELDNAME>NODEID</FIELDNAME>
     <KEYFLAG>X</KEYFLAG>
     <LOGFLAG>X</LOGFLAG>
    </DD27P>
    <DD27P>
     <VIEWFIELD>NODETEXT</VIEWFIELD>
     <TABNAME>ZLZH_RPT_NODE</TABNAME>
     <FIELDNAME>NODETEXT</FIELDNAME>
     <LOGFLAG>X</LOGFLAG>
    </DD27P>
    <DD27P>
     <VIEWFIELD>PARENT</VIEWFIELD>
     <TABNAME>ZLZH_RPT_NODE</TABNAME>
     <FIELDNAME>PARENT</FIELDNAME>
     <LOGFLAG>X</LOGFLAG>
    </DD27P>
    <DD27P>
     <VIEWFIELD>ACTTY</VIEWFIELD>
     <TABNAME>ZLZH_RPT_NODE</TABNAME>
     <FIELDNAME>ACTTY</FIELDNAME>
     <SHLPORIGIN>F</SHLPORIGIN>
     <LOGFLAG>X</LOGFLAG>
     <VALEXI>X</VALEXI>
    </DD27P>
    <DD27P>
     <VIEWFIELD>ACTOBJ</VIEWFIELD>
     <TABNAME>ZLZH_RPT_NODE</TABNAME>
     <FIELDNAME>ACTOBJ</FIELDNAME>
     <LOGFLAG>X</LOGFLAG>
    </DD27P>
    <DD27P>
     <VIEWFIELD>ACTVT</VIEWFIELD>
     <TABNAME>ZLZH_RPT_NODE</TABNAME>
     <FIELDNAME>ACTVT</FIELDNAME>
     <LOGFLAG>X</LOGFLAG>
    </DD27P>
    <DD27P>
     <VIEWFIELD>SORT</VIEWFIELD>
     <TABNAME>ZLZH_RPT_NODE</TABNAME>
     <FIELDNAME>SORT</FIELDNAME>
     <LOGFLAG>X</LOGFLAG>
    </DD27P>
   </DD27P_TABLE>
  </asx:values>
 </asx:abap>
</abapGit>
