﻿<?xml version="1.0" encoding="utf-8"?>
<abapGit version="v1.0.0" serializer="LCL_OBJECT_CUS0" serializer_version="v1.0.0">
 <asx:abap xmlns:asx="http://www.sap.com/abapxml" version="1.0">
  <asx:values>
   <CUS0>
    <HEADER>
     <ACTIVITY>ZLZH_RPT_V_NODE</ACTIVITY>
     <DOCU_ID>SIMG</DOCU_ID>
     <C_ACTIVITY>ZLZH_RPT_V_NODE</C_ACTIVITY>
     <TCODE>Y_S4D_63000018</TCODE>
    </HEADER>
    <TEXTS>
     <CUS_IMGACT>
      <SPRAS>1</SPRAS>
      <ACTIVITY>ZLZH_RPT_V_NODE</ACTIVITY>
      <TEXT>配置菜单</TEXT>
     </CUS_IMGACT>
    </TEXTS>
   </CUS0>
  </asx:values>
 </asx:abap>
</abapGit>
