﻿<?xml version="1.0" encoding="utf-8"?>
<abapGit version="v1.0.0" serializer="LCL_OBJECT_TOBJ" serializer_version="v1.0.0">
 <asx:abap xmlns:asx="http://www.sap.com/abapxml" version="1.0">
  <asx:values>
   <OBJH>
    <OBJECTNAME>ZLZH_RPT_V_NODE</OBJECTNAME>
    <OBJECTTYPE>V</OBJECTTYPE>
    <OBJCATEG>CUSY</OBJCATEG>
    <OBJTRANSP>2</OBJTRANSP>
    <IMPORTABLE>3</IMPORTABLE>
   </OBJH>
   <OBJT>
    <LANGUAGE>1</LANGUAGE>
    <OBJECTNAME>ZLZH_RPT_V_NODE</OBJECTNAME>
    <OBJECTTYPE>V</OBJECTTYPE>
    <DDTEXT>菜单节点配置</DDTEXT>
   </OBJT>
   <OBJS>
    <OBJS>
     <OBJECTNAME>ZLZH_RPT_V_NODE</OBJECTNAME>
     <OBJECTTYPE>V</OBJECTTYPE>
     <TABNAME>ZLZH_RPT_NODE</TABNAME>
     <DDIC>X</DDIC>
     <PRIM_TABLE>X</PRIM_TABLE>
    </OBJS>
   </OBJS>
   <TOBJ>
    <TDDAT>
     <TABNAME>ZLZH_RPT_V_NODE</TABNAME>
     <CCLASS>&amp;NC&amp;</CCLASS>
    </TDDAT>
    <TVDIR>
     <TABNAME>ZLZH_RPT_V_NODE</TABNAME>
     <AREA>ZLZH_RPT_V_NODE</AREA>
     <TYPE>1</TYPE>
     <LISTE>0001</LISTE>
    </TVDIR>
   </TOBJ>
  </asx:values>
 </asx:abap>
</abapGit>
