﻿<?xml version="1.0" encoding="utf-8"?>
<abapGit version="v1.0.0" serializer="LCL_OBJECT_DTEL" serializer_version="v1.0.0">
 <asx:abap xmlns:asx="http://www.sap.com/abapxml" version="1.0">
  <asx:values>
   <DD04V>
    <ROLLNAME>ZLZH_RPT_NODE_ACTVT</ROLLNAME>
    <DDLANGUAGE>1</DDLANGUAGE>
    <DOMNAME>ZLZH_RPT_NODE_ACTVT</DOMNAME>
    <LOGFLAG>X</LOGFLAG>
    <HEADLEN>55</HEADLEN>
    <SCRLEN1>10</SCRLEN1>
    <SCRLEN2>20</SCRLEN2>
    <SCRLEN3>40</SCRLEN3>
    <DDTEXT>菜单活动检查</DDTEXT>
    <REPTEXT>菜单活动检查</REPTEXT>
    <SCRTEXT_S>菜单活动检查</SCRTEXT_S>
    <SCRTEXT_M>菜单活动检查</SCRTEXT_M>
    <SCRTEXT_L>菜单活动检查</SCRTEXT_L>
    <DTELMASTER>1</DTELMASTER>
    <REFKIND>D</REFKIND>
   </DD04V>
  </asx:values>
 </asx:abap>
</abapGit>
