﻿<?xml version="1.0" encoding="utf-8"?>
<abapGit version="v1.0.0" serializer="LCL_OBJECT_DTEL" serializer_version="v1.0.0">
 <asx:abap xmlns:asx="http://www.sap.com/abapxml" version="1.0">
  <asx:values>
   <DD04V>
    <ROLLNAME>ZLZH_RPT_NODESORT</ROLLNAME>
    <DDLANGUAGE>1</DDLANGUAGE>
    <DOMNAME>ZLZH_RPT_NODESORT</DOMNAME>
    <LOGFLAG>X</LOGFLAG>
    <HEADLEN>04</HEADLEN>
    <SCRLEN1>04</SCRLEN1>
    <SCRLEN2>04</SCRLEN2>
    <SCRLEN3>04</SCRLEN3>
    <DDTEXT>菜单排序</DDTEXT>
    <REPTEXT>菜单排序</REPTEXT>
    <SCRTEXT_S>菜单排序</SCRTEXT_S>
    <SCRTEXT_M>菜单排序</SCRTEXT_M>
    <SCRTEXT_L>菜单排序</SCRTEXT_L>
    <DTELMASTER>1</DTELMASTER>
    <REFKIND>D</REFKIND>
   </DD04V>
  </asx:values>
 </asx:abap>
</abapGit>
